candidate_id,dataset_family,scene_name,source_provenance_confirmed,license_source_metadata_available,gsplat_checkpoint_locally_available,checkpoint_format_directly_parseable,camera_coordinate_metadata_available,metric_scale_available,navigable_free_space_volume_exists,static_scene,independent_geometry_available,different_dataset_family,different_reconstruction_pipeline,bounded_storage_compute_cost,selection_score,selection_rank,notes
reference-stonehenge,SAFER_reference,stonehenge,2,1,0,2,0,0,0,0,0,0,0,1,6,1,Score uses pre-execution metadata only.
local-desktop-点云图-6f48ecf071f2,unknown,点云图,0,0,2,0,0,0,0,0,2,0,0,1,5,2,Score uses pre-execution metadata only.
local-desktop-点云文件-f9778bd34b33,unknown,点云文件,0,0,2,0,0,0,0,0,2,0,0,1,5,3,Score uses pre-execution metadata only.
local-desktop-项目-b99e3bfdab2e,unknown,项目,0,0,2,0,0,0,0,0,2,0,0,1,5,4,Score uses pre-execution metadata only.
local-documents-flight-2fca8d681764,unknown,flight,0,0,2,0,1,0,0,0,0,0,0,1,4,5,Score uses pre-execution metadata only.
local-documents-1-0d9d23849f87,unknown,1,0,0,2,0,0,0,0,0,0,0,0,1,3,6,Score uses pre-execution metadata only.
local-documents-1-2d627a3931ed,unknown,1,0,0,2,0,0,0,0,0,0,0,0,1,3,7,Score uses pre-execution metadata only.
local-documents-1-2f96a95807fe,unknown,1,0,0,2,0,0,0,0,0,0,0,0,1,3,8,Score uses pre-execution metadata only.
local-documents-1-6bb54ddad3ba,unknown,1,0,0,2,0,0,0,0,0,0,0,0,1,3,9,Score uses pre-execution metadata only.
local-documents-10-55df4df3d030,unknown,10,0,0,2,0,0,0,0,0,0,0,0,1,3,10,Score uses pre-execution metadata only.
local-documents-10-c8ca8d765160,unknown,10,0,0,2,0,0,0,0,0,0,0,0,1,3,11,Score uses pre-execution metadata only.
local-documents-10-ec81c510ad2d,unknown,10,0,0,2,0,0,0,0,0,0,0,0,1,3,12,Score uses pre-execution metadata only.
local-documents-11-02b8b947e46a,unknown,11,0,0,2,0,0,0,0,0,0,0,0,1,3,13,Score uses pre-execution metadata only.
local-documents-11-974f56e099d4,unknown,11,0,0,2,0,0,0,0,0,0,0,0,1,3,14,Score uses pre-execution metadata only.
local-documents-11-ce47a5429d49,unknown,11,0,0,2,0,0,0,0,0,0,0,0,1,3,15,Score uses pre-execution metadata only.
local-documents-12-610018fa4ed4,unknown,12,0,0,2,0,0,0,0,0,0,0,0,1,3,16,Score uses pre-execution metadata only.
local-documents-12-827076148e25,unknown,12,0,0,2,0,0,0,0,0,0,0,0,1,3,17,Score uses pre-execution metadata only.
local-documents-12-fcf1720dd561,unknown,12,0,0,2,0,0,0,0,0,0,0,0,1,3,18,Score uses pre-execution metadata only.
local-desktop-12.16-598654db9d38,unknown,12.16,0,0,2,0,0,0,0,0,0,0,0,1,3,19,Score uses pre-execution metadata only.
local-documents-13-5ad27b7e9e15,unknown,13,0,0,2,0,0,0,0,0,0,0,0,1,3,20,Score uses pre-execution metadata only.
local-documents-13-d27f27ea8efe,unknown,13,0,0,2,0,0,0,0,0,0,0,0,1,3,21,Score uses pre-execution metadata only.
local-documents-13-d679f6dd23cb,unknown,13,0,0,2,0,0,0,0,0,0,0,0,1,3,22,Score uses pre-execution metadata only.
local-documents-14-5f69396d4f69,unknown,14,0,0,2,0,0,0,0,0,0,0,0,1,3,23,Score uses pre-execution metadata only.
local-documents-14-8d783d0a62a3,unknown,14,0,0,2,0,0,0,0,0,0,0,0,1,3,24,Score uses pre-execution metadata only.
local-documents-14-dbaeee7a01fc,unknown,14,0,0,2,0,0,0,0,0,0,0,0,1,3,25,Score uses pre-execution metadata only.
local-documents-15-4f5f41306b76,unknown,15,0,0,2,0,0,0,0,0,0,0,0,1,3,26,Score uses pre-execution metadata only.
local-documents-15-c34ee4aa647d,unknown,15,0,0,2,0,0,0,0,0,0,0,0,1,3,27,Score uses pre-execution metadata only.
local-documents-15-de7d7a076519,unknown,15,0,0,2,0,0,0,0,0,0,0,0,1,3,28,Score uses pre-execution metadata only.
local-documents-16-2389f2936147,unknown,16,0,0,2,0,0,0,0,0,0,0,0,1,3,29,Score uses pre-execution metadata only.
local-documents-16-e62765e288c3,unknown,16,0,0,2,0,0,0,0,0,0,0,0,1,3,30,Score uses pre-execution metadata only.
local-documents-16-e9e0c80e18bb,unknown,16,0,0,2,0,0,0,0,0,0,0,0,1,3,31,Score uses pre-execution metadata only.
local-documents-17-801d82993211,unknown,17,0,0,2,0,0,0,0,0,0,0,0,1,3,32,Score uses pre-execution metadata only.
local-documents-17-a8c760437ad2,unknown,17,0,0,2,0,0,0,0,0,0,0,0,1,3,33,Score uses pre-execution metadata only.
local-documents-17-d472f382959f,unknown,17,0,0,2,0,0,0,0,0,0,0,0,1,3,34,Score uses pre-execution metadata only.
local-documents-18-4a23d4bdc7b6,unknown,18,0,0,2,0,0,0,0,0,0,0,0,1,3,35,Score uses pre-execution metadata only.
local-documents-18-8d1087e66a6c,unknown,18,0,0,2,0,0,0,0,0,0,0,0,1,3,36,Score uses pre-execution metadata only.
local-documents-18-e477f6c85754,unknown,18,0,0,2,0,0,0,0,0,0,0,0,1,3,37,Score uses pre-execution metadata only.
local-documents-19-1b19c6678242,unknown,19,0,0,2,0,0,0,0,0,0,0,0,1,3,38,Score uses pre-execution metadata only.
local-documents-19-4e0a6c478a61,unknown,19,0,0,2,0,0,0,0,0,0,0,0,1,3,39,Score uses pre-execution metadata only.
local-documents-19-e056e6cc6d7a,unknown,19,0,0,2,0,0,0,0,0,0,0,0,1,3,40,Score uses pre-execution metadata only.
local-documents-2-3865c095c4d2,unknown,2,0,0,2,0,0,0,0,0,0,0,0,1,3,41,Score uses pre-execution metadata only.
local-documents-2-bed3fde002ad,unknown,2,0,0,2,0,0,0,0,0,0,0,0,1,3,42,Score uses pre-execution metadata only.
local-documents-2-c6f4e490653d,unknown,2,0,0,2,0,0,0,0,0,0,0,0,1,3,43,Score uses pre-execution metadata only.
local-documents-20-91814614b7b3,unknown,20,0,0,2,0,0,0,0,0,0,0,0,1,3,44,Score uses pre-execution metadata only.
local-documents-20-b8f87e1f81bb,unknown,20,0,0,2,0,0,0,0,0,0,0,0,1,3,45,Score uses pre-execution metadata only.
local-documents-20-f336c951faf1,unknown,20,0,0,2,0,0,0,0,0,0,0,0,1,3,46,Score uses pre-execution metadata only.
local-documents-2025-11-fa5405ea850c,unknown,2025-11,0,0,0,0,0,0,0,0,2,0,0,1,3,47,Score uses pre-execution metadata only.
local-documents-2026-01-7482a46378fb,unknown,2026-01,0,0,0,0,0,0,0,0,2,0,0,1,3,48,Score uses pre-execution metadata only.
local-documents-2026-03-544d3538c939,unknown,2026-03,0,0,2,0,0,0,0,0,0,0,0,1,3,49,Score uses pre-execution metadata only.
local-documents-2026-04-bae34836e412,unknown,2026-04,0,0,2,0,0,0,0,0,0,0,0,1,3,50,Score uses pre-execution metadata only.
local-documents-21-2c63a6b9e367,unknown,21,0,0,2,0,0,0,0,0,0,0,0,1,3,51,Score uses pre-execution metadata only.
local-documents-21-95ccfcfe0df9,unknown,21,0,0,2,0,0,0,0,0,0,0,0,1,3,52,Score uses pre-execution metadata only.
local-documents-21-ce1b7f7efe23,unknown,21,0,0,2,0,0,0,0,0,0,0,0,1,3,53,Score uses pre-execution metadata only.
local-documents-22-31b5fa45e7d5,unknown,22,0,0,2,0,0,0,0,0,0,0,0,1,3,54,Score uses pre-execution metadata only.
local-documents-22-80df6c3243b6,unknown,22,0,0,2,0,0,0,0,0,0,0,0,1,3,55,Score uses pre-execution metadata only.
local-documents-22-df1dd1c3a575,unknown,22,0,0,2,0,0,0,0,0,0,0,0,1,3,56,Score uses pre-execution metadata only.
local-documents-23-7581f63568fe,unknown,23,0,0,2,0,0,0,0,0,0,0,0,1,3,57,Score uses pre-execution metadata only.
local-documents-23-79ff7d8da097,unknown,23,0,0,2,0,0,0,0,0,0,0,0,1,3,58,Score uses pre-execution metadata only.
local-documents-23-b753399c2c76,unknown,23,0,0,2,0,0,0,0,0,0,0,0,1,3,59,Score uses pre-execution metadata only.
local-documents-24-c97f5d464abe,unknown,24,0,0,2,0,0,0,0,0,0,0,0,1,3,60,Score uses pre-execution metadata only.
local-documents-24-d74b8bc637fb,unknown,24,0,0,2,0,0,0,0,0,0,0,0,1,3,61,Score uses pre-execution metadata only.
local-documents-24-e60e9fe1f4b0,unknown,24,0,0,2,0,0,0,0,0,0,0,0,1,3,62,Score uses pre-execution metadata only.
local-documents-25-7d3e0afe9006,unknown,25,0,0,2,0,0,0,0,0,0,0,0,1,3,63,Score uses pre-execution metadata only.
local-documents-25-849a259a4209,unknown,25,0,0,2,0,0,0,0,0,0,0,0,1,3,64,Score uses pre-execution metadata only.
local-documents-25-dc5af4ca1185,unknown,25,0,0,2,0,0,0,0,0,0,0,0,1,3,65,Score uses pre-execution metadata only.
local-documents-26-0cbc491e7be0,unknown,26,0,0,2,0,0,0,0,0,0,0,0,1,3,66,Score uses pre-execution metadata only.
local-documents-26-1bd35664e36f,unknown,26,0,0,2,0,0,0,0,0,0,0,0,1,3,67,Score uses pre-execution metadata only.
local-documents-26-2d93ca93ed7c,unknown,26,0,0,2,0,0,0,0,0,0,0,0,1,3,68,Score uses pre-execution metadata only.
local-documents-27-62f4e5768c45,unknown,27,0,0,2,0,0,0,0,0,0,0,0,1,3,69,Score uses pre-execution metadata only.
local-documents-27-672b47aefdac,unknown,27,0,0,2,0,0,0,0,0,0,0,0,1,3,70,Score uses pre-execution metadata only.
local-documents-27-fd427c85c153,unknown,27,0,0,2,0,0,0,0,0,0,0,0,1,3,71,Score uses pre-execution metadata only.
local-documents-28-856175fdf161,unknown,28,0,0,2,0,0,0,0,0,0,0,0,1,3,72,Score uses pre-execution metadata only.
local-documents-28-8c0ad59f4500,unknown,28,0,0,2,0,0,0,0,0,0,0,0,1,3,73,Score uses pre-execution metadata only.
local-documents-28-9a15b0679149,unknown,28,0,0,2,0,0,0,0,0,0,0,0,1,3,74,Score uses pre-execution metadata only.
local-documents-29-3112adfa4282,unknown,29,0,0,2,0,0,0,0,0,0,0,0,1,3,75,Score uses pre-execution metadata only.
local-documents-29-3921b1592092,unknown,29,0,0,2,0,0,0,0,0,0,0,0,1,3,76,Score uses pre-execution metadata only.
local-documents-29-40f513f4e77d,unknown,29,0,0,2,0,0,0,0,0,0,0,0,1,3,77,Score uses pre-execution metadata only.
local-documents-3-102013d42bab,unknown,3,0,0,2,0,0,0,0,0,0,0,0,1,3,78,Score uses pre-execution metadata only.
local-documents-3-2f5b7219eaba,unknown,3,0,0,2,0,0,0,0,0,0,0,0,1,3,79,Score uses pre-execution metadata only.
local-documents-3-a9a207a6adf1,unknown,3,0,0,2,0,0,0,0,0,0,0,0,1,3,80,Score uses pre-execution metadata only.
local-documents-30-259e3a74ea60,unknown,30,0,0,2,0,0,0,0,0,0,0,0,1,3,81,Score uses pre-execution metadata only.
local-documents-30-6d8d9d481d8d,unknown,30,0,0,2,0,0,0,0,0,0,0,0,1,3,82,Score uses pre-execution metadata only.
local-documents-30-ddd75df6637e,unknown,30,0,0,2,0,0,0,0,0,0,0,0,1,3,83,Score uses pre-execution metadata only.
local-documents-31-54e62481addc,unknown,31,0,0,2,0,0,0,0,0,0,0,0,1,3,84,Score uses pre-execution metadata only.
local-documents-31-64ac2b799a1c,unknown,31,0,0,2,0,0,0,0,0,0,0,0,1,3,85,Score uses pre-execution metadata only.
local-documents-31-a62066e6b4fe,unknown,31,0,0,2,0,0,0,0,0,0,0,0,1,3,86,Score uses pre-execution metadata only.
local-documents-32-7aa46225d8fb,unknown,32,0,0,2,0,0,0,0,0,0,0,0,1,3,87,Score uses pre-execution metadata only.
local-documents-32-9cacb4eaee09,unknown,32,0,0,2,0,0,0,0,0,0,0,0,1,3,88,Score uses pre-execution metadata only.
local-documents-32-a7dc82fd5cc7,unknown,32,0,0,2,0,0,0,0,0,0,0,0,1,3,89,Score uses pre-execution metadata only.
local-documents-33-127b5e323778,unknown,33,0,0,2,0,0,0,0,0,0,0,0,1,3,90,Score uses pre-execution metadata only.
local-documents-33-6916efdd0ab7,unknown,33,0,0,2,0,0,0,0,0,0,0,0,1,3,91,Score uses pre-execution metadata only.
local-documents-33-9fe30f74bf8d,unknown,33,0,0,2,0,0,0,0,0,0,0,0,1,3,92,Score uses pre-execution metadata only.
local-documents-34-5ff05cd215e6,unknown,34,0,0,2,0,0,0,0,0,0,0,0,1,3,93,Score uses pre-execution metadata only.
local-documents-34-6bd9fe4a8b4a,unknown,34,0,0,2,0,0,0,0,0,0,0,0,1,3,94,Score uses pre-execution metadata only.
local-documents-34-7425a4d394a9,unknown,34,0,0,2,0,0,0,0,0,0,0,0,1,3,95,Score uses pre-execution metadata only.
local-documents-35-21d54e408188,unknown,35,0,0,2,0,0,0,0,0,0,0,0,1,3,96,Score uses pre-execution metadata only.
local-documents-35-39f058762f27,unknown,35,0,0,2,0,0,0,0,0,0,0,0,1,3,97,Score uses pre-execution metadata only.
local-documents-35-3ce9e494fc06,unknown,35,0,0,2,0,0,0,0,0,0,0,0,1,3,98,Score uses pre-execution metadata only.
local-documents-36-7343c5360950,unknown,36,0,0,2,0,0,0,0,0,0,0,0,1,3,99,Score uses pre-execution metadata only.
local-documents-36-96c7a7ded989,unknown,36,0,0,2,0,0,0,0,0,0,0,0,1,3,100,Score uses pre-execution metadata only.
local-documents-36-a669b942f925,unknown,36,0,0,2,0,0,0,0,0,0,0,0,1,3,101,Score uses pre-execution metadata only.
local-documents-37-39be977889ae,unknown,37,0,0,2,0,0,0,0,0,0,0,0,1,3,102,Score uses pre-execution metadata only.
local-documents-37-6d9b475a565b,unknown,37,0,0,2,0,0,0,0,0,0,0,0,1,3,103,Score uses pre-execution metadata only.
local-documents-37-e189806475f6,unknown,37,0,0,2,0,0,0,0,0,0,0,0,1,3,104,Score uses pre-execution metadata only.
local-documents-38-3ce530bf4d7e,unknown,38,0,0,2,0,0,0,0,0,0,0,0,1,3,105,Score uses pre-execution metadata only.
local-documents-38-4cd12b8ae88f,unknown,38,0,0,2,0,0,0,0,0,0,0,0,1,3,106,Score uses pre-execution metadata only.
local-documents-38-fafa20172b5a,unknown,38,0,0,2,0,0,0,0,0,0,0,0,1,3,107,Score uses pre-execution metadata only.
local-documents-39-05c68e53e0e0,unknown,39,0,0,2,0,0,0,0,0,0,0,0,1,3,108,Score uses pre-execution metadata only.
local-documents-39-0c45a864d6d2,unknown,39,0,0,2,0,0,0,0,0,0,0,0,1,3,109,Score uses pre-execution metadata only.
local-documents-39-cf4fccd5f972,unknown,39,0,0,2,0,0,0,0,0,0,0,0,1,3,110,Score uses pre-execution metadata only.
local-documents-4-1854cb8f11ce,unknown,4,0,0,2,0,0,0,0,0,0,0,0,1,3,111,Score uses pre-execution metadata only.
local-documents-4-28c7fb2fbb48,unknown,4,0,0,2,0,0,0,0,0,0,0,0,1,3,112,Score uses pre-execution metadata only.
local-documents-4-b7e9448f6f27,unknown,4,0,0,2,0,0,0,0,0,0,0,0,1,3,113,Score uses pre-execution metadata only.
local-documents-40-2fe42a19a7a9,unknown,40,0,0,2,0,0,0,0,0,0,0,0,1,3,114,Score uses pre-execution metadata only.
local-documents-40-7fda428a3e7e,unknown,40,0,0,2,0,0,0,0,0,0,0,0,1,3,115,Score uses pre-execution metadata only.
local-documents-40-bc29433d19a7,unknown,40,0,0,2,0,0,0,0,0,0,0,0,1,3,116,Score uses pre-execution metadata only.
local-documents-5-8c44ea435878,unknown,5,0,0,2,0,0,0,0,0,0,0,0,1,3,117,Score uses pre-execution metadata only.
local-documents-5-8ee5fe76f452,unknown,5,0,0,2,0,0,0,0,0,0,0,0,1,3,118,Score uses pre-execution metadata only.
local-documents-5-bc82ed128366,unknown,5,0,0,2,0,0,0,0,0,0,0,0,1,3,119,Score uses pre-execution metadata only.
local-documents-6-607d3a85ff16,unknown,6,0,0,2,0,0,0,0,0,0,0,0,1,3,120,Score uses pre-execution metadata only.
local-documents-6-ab77086eea32,unknown,6,0,0,2,0,0,0,0,0,0,0,0,1,3,121,Score uses pre-execution metadata only.
local-documents-6-f87528c0caf3,unknown,6,0,0,2,0,0,0,0,0,0,0,0,1,3,122,Score uses pre-execution metadata only.
local-documents-7-3e925dba2bde,unknown,7,0,0,2,0,0,0,0,0,0,0,0,1,3,123,Score uses pre-execution metadata only.
local-documents-7-5fcf6ef401c7,unknown,7,0,0,2,0,0,0,0,0,0,0,0,1,3,124,Score uses pre-execution metadata only.
local-documents-7-949908da57dd,unknown,7,0,0,2,0,0,0,0,0,0,0,0,1,3,125,Score uses pre-execution metadata only.
local-documents-8-3b90915bb347,unknown,8,0,0,2,0,0,0,0,0,0,0,0,1,3,126,Score uses pre-execution metadata only.
local-documents-8-5013b576bc64,unknown,8,0,0,2,0,0,0,0,0,0,0,0,1,3,127,Score uses pre-execution metadata only.
local-documents-8-ac2aa700be74,unknown,8,0,0,2,0,0,0,0,0,0,0,0,1,3,128,Score uses pre-execution metadata only.
local-documents-9-7ee40cf180c8,unknown,9,0,0,2,0,0,0,0,0,0,0,0,1,3,129,Score uses pre-execution metadata only.
local-documents-9-d279e79ca86e,unknown,9,0,0,2,0,0,0,0,0,0,0,0,1,3,130,Score uses pre-execution metadata only.
local-documents-9-d29ed4e22b7e,unknown,9,0,0,2,0,0,0,0,0,0,0,0,1,3,131,Score uses pre-execution metadata only.
local-documents-esp为10-c15fbfc7c53d,unknown,esp为10,0,0,2,0,0,0,0,0,0,0,0,1,3,132,Score uses pre-execution metadata only.
local-documents-esp为15（此版本目前最好）-18a4229ec347,unknown,esp为15（此版本目前最好）,0,0,2,0,0,0,0,0,0,0,0,1,3,133,Score uses pre-execution metadata only.
local-documents-esp为20-0c4ec497a482,unknown,esp为20,0,0,2,0,0,0,0,0,0,0,0,1,3,134,Score uses pre-execution metadata only.
local-documents-esp为8.0（导致左边部分被裁）-91f859beeaf0,unknown,esp为8.0（导致左边部分被裁）,0,0,2,0,0,0,0,0,0,0,0,1,3,135,Score uses pre-execution metadata only.
local-documents-nerfstudio_models-04f2eff5f427,unknown,nerfstudio_models,0,0,2,0,0,0,0,0,0,0,0,1,3,136,Score uses pre-execution metadata only.
local-desktop-new folder-f9b63010f7e7,unknown,New Folder,0,0,2,0,0,0,0,0,0,0,0,1,3,137,Score uses pre-execution metadata only.
local-documents-new folder-a54af00d93a4,unknown,New Folder,0,0,2,0,0,0,0,0,0,0,0,1,3,138,Score uses pre-execution metadata only.
local-desktop-new folder10-bcbc5c757d61,unknown,New Folder10,0,0,2,0,0,0,0,0,0,0,0,1,3,139,Score uses pre-execution metadata only.
local-documents-new folder10-6019ab86099d,unknown,New Folder10,0,0,2,0,0,0,0,0,0,0,0,1,3,140,Score uses pre-execution metadata only.
local-desktop-new folder100-42f0e27c8096,unknown,New Folder100,0,0,2,0,0,0,0,0,0,0,0,1,3,141,Score uses pre-execution metadata only.
local-documents-new folder100-fb1272a4756a,unknown,New Folder100,0,0,2,0,0,0,0,0,0,0,0,1,3,142,Score uses pre-execution metadata only.
local-desktop-new folder101-6f98f119d0c1,unknown,New Folder101,0,0,2,0,0,0,0,0,0,0,0,1,3,143,Score uses pre-execution metadata only.
local-documents-new folder101-2c58cf808c25,unknown,New Folder101,0,0,2,0,0,0,0,0,0,0,0,1,3,144,Score uses pre-execution metadata only.
local-desktop-new folder102-26a2361b2485,unknown,New Folder102,0,0,2,0,0,0,0,0,0,0,0,1,3,145,Score uses pre-execution metadata only.
local-documents-new folder102-d0f7c12443da,unknown,New Folder102,0,0,2,0,0,0,0,0,0,0,0,1,3,146,Score uses pre-execution metadata only.
local-desktop-new folder103-1dcbfbb39d61,unknown,New Folder103,0,0,2,0,0,0,0,0,0,0,0,1,3,147,Score uses pre-execution metadata only.
local-documents-new folder103-baa7c5434126,unknown,New Folder103,0,0,2,0,0,0,0,0,0,0,0,1,3,148,Score uses pre-execution metadata only.
local-desktop-new folder104-8ff3a20b6c96,unknown,New Folder104,0,0,2,0,0,0,0,0,0,0,0,1,3,149,Score uses pre-execution metadata only.
local-documents-new folder104-22f120605b8d,unknown,New Folder104,0,0,2,0,0,0,0,0,0,0,0,1,3,150,Score uses pre-execution metadata only.
local-desktop-new folder105-ba201501c725,unknown,New Folder105,0,0,2,0,0,0,0,0,0,0,0,1,3,151,Score uses pre-execution metadata only.
local-documents-new folder105-278026fa894b,unknown,New Folder105,0,0,2,0,0,0,0,0,0,0,0,1,3,152,Score uses pre-execution metadata only.
local-desktop-new folder106-bbafe39b9bb8,unknown,New Folder106,0,0,2,0,0,0,0,0,0,0,0,1,3,153,Score uses pre-execution metadata only.
local-documents-new folder106-39b6da1a3d3c,unknown,New Folder106,0,0,2,0,0,0,0,0,0,0,0,1,3,154,Score uses pre-execution metadata only.
local-desktop-new folder107-fd29ba2d3dfd,unknown,New Folder107,0,0,2,0,0,0,0,0,0,0,0,1,3,155,Score uses pre-execution metadata only.
local-documents-new folder107-6755f29d5b0a,unknown,New Folder107,0,0,2,0,0,0,0,0,0,0,0,1,3,156,Score uses pre-execution metadata only.
local-desktop-new folder108-7eeff8c98b2a,unknown,New Folder108,0,0,2,0,0,0,0,0,0,0,0,1,3,157,Score uses pre-execution metadata only.
local-documents-new folder108-bc9d74c087c0,unknown,New Folder108,0,0,2,0,0,0,0,0,0,0,0,1,3,158,Score uses pre-execution metadata only.
local-desktop-new folder109-f6e78b060c77,unknown,New Folder109,0,0,2,0,0,0,0,0,0,0,0,1,3,159,Score uses pre-execution metadata only.
local-documents-new folder109-89c99e1e4f9d,unknown,New Folder109,0,0,2,0,0,0,0,0,0,0,0,1,3,160,Score uses pre-execution metadata only.
local-desktop-new folder11-a8d89e5232a5,unknown,New Folder11,0,0,2,0,0,0,0,0,0,0,0,1,3,161,Score uses pre-execution metadata only.
local-documents-new folder11-11c0c50698e9,unknown,New Folder11,0,0,2,0,0,0,0,0,0,0,0,1,3,162,Score uses pre-execution metadata only.
local-desktop-new folder110-cf4a36deb776,unknown,New Folder110,0,0,2,0,0,0,0,0,0,0,0,1,3,163,Score uses pre-execution metadata only.
local-documents-new folder110-8ea96c5ab6ba,unknown,New Folder110,0,0,2,0,0,0,0,0,0,0,0,1,3,164,Score uses pre-execution metadata only.
local-desktop-new folder111-348b1096391b,unknown,New Folder111,0,0,2,0,0,0,0,0,0,0,0,1,3,165,Score uses pre-execution metadata only.
local-documents-new folder111-3d0336fe0535,unknown,New Folder111,0,0,2,0,0,0,0,0,0,0,0,1,3,166,Score uses pre-execution metadata only.
local-desktop-new folder112-5cf58e592a7d,unknown,New Folder112,0,0,2,0,0,0,0,0,0,0,0,1,3,167,Score uses pre-execution metadata only.
local-documents-new folder112-2447559981a3,unknown,New Folder112,0,0,2,0,0,0,0,0,0,0,0,1,3,168,Score uses pre-execution metadata only.
local-desktop-new folder113-bcc6d2d2cebb,unknown,New Folder113,0,0,2,0,0,0,0,0,0,0,0,1,3,169,Score uses pre-execution metadata only.
local-documents-new folder113-7e9574c81f26,unknown,New Folder113,0,0,2,0,0,0,0,0,0,0,0,1,3,170,Score uses pre-execution metadata only.
local-desktop-new folder114-6f4ac2c02287,unknown,New Folder114,0,0,2,0,0,0,0,0,0,0,0,1,3,171,Score uses pre-execution metadata only.
local-documents-new folder114-fdfb24306331,unknown,New Folder114,0,0,2,0,0,0,0,0,0,0,0,1,3,172,Score uses pre-execution metadata only.
local-desktop-new folder115-19cf0c075cf8,unknown,New Folder115,0,0,2,0,0,0,0,0,0,0,0,1,3,173,Score uses pre-execution metadata only.
local-documents-new folder115-caa1350a45aa,unknown,New Folder115,0,0,2,0,0,0,0,0,0,0,0,1,3,174,Score uses pre-execution metadata only.
local-desktop-new folder116-2de328269e62,unknown,New Folder116,0,0,2,0,0,0,0,0,0,0,0,1,3,175,Score uses pre-execution metadata only.
local-documents-new folder116-1ea97f4f7e68,unknown,New Folder116,0,0,2,0,0,0,0,0,0,0,0,1,3,176,Score uses pre-execution metadata only.
local-desktop-new folder117-d65731e00d4d,unknown,New Folder117,0,0,2,0,0,0,0,0,0,0,0,1,3,177,Score uses pre-execution metadata only.
local-documents-new folder117-514d7985f524,unknown,New Folder117,0,0,2,0,0,0,0,0,0,0,0,1,3,178,Score uses pre-execution metadata only.
local-desktop-new folder118-d801d4d5879d,unknown,New Folder118,0,0,2,0,0,0,0,0,0,0,0,1,3,179,Score uses pre-execution metadata only.
local-documents-new folder118-9f221dbf8b5c,unknown,New Folder118,0,0,2,0,0,0,0,0,0,0,0,1,3,180,Score uses pre-execution metadata only.
local-desktop-new folder119-4e7e843706ba,unknown,New Folder119,0,0,2,0,0,0,0,0,0,0,0,1,3,181,Score uses pre-execution metadata only.
local-documents-new folder119-bd2b94a35c8b,unknown,New Folder119,0,0,2,0,0,0,0,0,0,0,0,1,3,182,Score uses pre-execution metadata only.
local-desktop-new folder12-7f1cc5562720,unknown,New Folder12,0,0,2,0,0,0,0,0,0,0,0,1,3,183,Score uses pre-execution metadata only.
local-documents-new folder12-51b9c7a4e4d6,unknown,New Folder12,0,0,2,0,0,0,0,0,0,0,0,1,3,184,Score uses pre-execution metadata only.
local-desktop-new folder120-174f624c2b17,unknown,New Folder120,0,0,2,0,0,0,0,0,0,0,0,1,3,185,Score uses pre-execution metadata only.
local-documents-new folder120-f9e8446a1d00,unknown,New Folder120,0,0,2,0,0,0,0,0,0,0,0,1,3,186,Score uses pre-execution metadata only.
local-desktop-new folder121-6e9641ff6956,unknown,New Folder121,0,0,2,0,0,0,0,0,0,0,0,1,3,187,Score uses pre-execution metadata only.
local-documents-new folder121-c43e15e31286,unknown,New Folder121,0,0,2,0,0,0,0,0,0,0,0,1,3,188,Score uses pre-execution metadata only.
local-desktop-new folder122-f12284afa24a,unknown,New Folder122,0,0,2,0,0,0,0,0,0,0,0,1,3,189,Score uses pre-execution metadata only.
local-documents-new folder122-44e32dc2b257,unknown,New Folder122,0,0,2,0,0,0,0,0,0,0,0,1,3,190,Score uses pre-execution metadata only.
local-desktop-new folder123-336f3f03efc9,unknown,New Folder123,0,0,2,0,0,0,0,0,0,0,0,1,3,191,Score uses pre-execution metadata only.
local-documents-new folder123-09bb76f17292,unknown,New Folder123,0,0,2,0,0,0,0,0,0,0,0,1,3,192,Score uses pre-execution metadata only.
local-desktop-new folder124-e35d890cf221,unknown,New Folder124,0,0,2,0,0,0,0,0,0,0,0,1,3,193,Score uses pre-execution metadata only.
local-documents-new folder124-f643166bc804,unknown,New Folder124,0,0,2,0,0,0,0,0,0,0,0,1,3,194,Score uses pre-execution metadata only.
local-desktop-new folder125-58f2e3095320,unknown,New Folder125,0,0,2,0,0,0,0,0,0,0,0,1,3,195,Score uses pre-execution metadata only.
local-documents-new folder125-fa7057dac96a,unknown,New Folder125,0,0,2,0,0,0,0,0,0,0,0,1,3,196,Score uses pre-execution metadata only.
local-desktop-new folder126-c9fdbd0aca37,unknown,New Folder126,0,0,2,0,0,0,0,0,0,0,0,1,3,197,Score uses pre-execution metadata only.
local-documents-new folder126-a3c271c5b4fc,unknown,New Folder126,0,0,2,0,0,0,0,0,0,0,0,1,3,198,Score uses pre-execution metadata only.
local-desktop-new folder127-b1e8bda34dc7,unknown,New Folder127,0,0,2,0,0,0,0,0,0,0,0,1,3,199,Score uses pre-execution metadata only.
local-documents-new folder127-365aad505936,unknown,New Folder127,0,0,2,0,0,0,0,0,0,0,0,1,3,200,Score uses pre-execution metadata only.
local-desktop-new folder128-eea557eeed31,unknown,New Folder128,0,0,2,0,0,0,0,0,0,0,0,1,3,201,Score uses pre-execution metadata only.
local-documents-new folder128-fa398999307d,unknown,New Folder128,0,0,2,0,0,0,0,0,0,0,0,1,3,202,Score uses pre-execution metadata only.
local-desktop-new folder129-54a67804bda2,unknown,New Folder129,0,0,2,0,0,0,0,0,0,0,0,1,3,203,Score uses pre-execution metadata only.
local-documents-new folder129-ff213cdb18da,unknown,New Folder129,0,0,2,0,0,0,0,0,0,0,0,1,3,204,Score uses pre-execution metadata only.
local-desktop-new folder13-2d23e7dfc201,unknown,New Folder13,0,0,2,0,0,0,0,0,0,0,0,1,3,205,Score uses pre-execution metadata only.
local-documents-new folder13-12d5c3f31fa7,unknown,New Folder13,0,0,2,0,0,0,0,0,0,0,0,1,3,206,Score uses pre-execution metadata only.
local-desktop-new folder130-1f4c0e455351,unknown,New Folder130,0,0,2,0,0,0,0,0,0,0,0,1,3,207,Score uses pre-execution metadata only.
local-documents-new folder130-d1e7a76b57d3,unknown,New Folder130,0,0,2,0,0,0,0,0,0,0,0,1,3,208,Score uses pre-execution metadata only.
local-desktop-new folder131-c46b2eae6dbe,unknown,New Folder131,0,0,2,0,0,0,0,0,0,0,0,1,3,209,Score uses pre-execution metadata only.
local-documents-new folder131-07aca757a769,unknown,New Folder131,0,0,2,0,0,0,0,0,0,0,0,1,3,210,Score uses pre-execution metadata only.
local-desktop-new folder132-6a3b01ec5aee,unknown,New Folder132,0,0,2,0,0,0,0,0,0,0,0,1,3,211,Score uses pre-execution metadata only.
local-documents-new folder132-09729297fe77,unknown,New Folder132,0,0,2,0,0,0,0,0,0,0,0,1,3,212,Score uses pre-execution metadata only.
local-desktop-new folder133-7013c13e4d95,unknown,New Folder133,0,0,2,0,0,0,0,0,0,0,0,1,3,213,Score uses pre-execution metadata only.
local-documents-new folder133-db05a7cebe0d,unknown,New Folder133,0,0,2,0,0,0,0,0,0,0,0,1,3,214,Score uses pre-execution metadata only.
local-desktop-new folder134-da645595a391,unknown,New Folder134,0,0,2,0,0,0,0,0,0,0,0,1,3,215,Score uses pre-execution metadata only.
local-documents-new folder134-6fe8b94327c2,unknown,New Folder134,0,0,2,0,0,0,0,0,0,0,0,1,3,216,Score uses pre-execution metadata only.
local-desktop-new folder135-7a5deb761f83,unknown,New Folder135,0,0,2,0,0,0,0,0,0,0,0,1,3,217,Score uses pre-execution metadata only.
local-documents-new folder135-0d1efa077580,unknown,New Folder135,0,0,2,0,0,0,0,0,0,0,0,1,3,218,Score uses pre-execution metadata only.
local-desktop-new folder136-6a395815a67c,unknown,New Folder136,0,0,2,0,0,0,0,0,0,0,0,1,3,219,Score uses pre-execution metadata only.
local-documents-new folder136-351a7d5dea08,unknown,New Folder136,0,0,2,0,0,0,0,0,0,0,0,1,3,220,Score uses pre-execution metadata only.
local-desktop-new folder137-38fc9a11d23b,unknown,New Folder137,0,0,2,0,0,0,0,0,0,0,0,1,3,221,Score uses pre-execution metadata only.
local-documents-new folder137-fa6b7110cb7c,unknown,New Folder137,0,0,2,0,0,0,0,0,0,0,0,1,3,222,Score uses pre-execution metadata only.
local-desktop-new folder138-699ada9b4ded,unknown,New Folder138,0,0,2,0,0,0,0,0,0,0,0,1,3,223,Score uses pre-execution metadata only.
local-documents-new folder138-7d6657b144a9,unknown,New Folder138,0,0,2,0,0,0,0,0,0,0,0,1,3,224,Score uses pre-execution metadata only.
local-desktop-new folder139-eb81d39df327,unknown,New Folder139,0,0,2,0,0,0,0,0,0,0,0,1,3,225,Score uses pre-execution metadata only.
local-documents-new folder139-c4eb3c5215c7,unknown,New Folder139,0,0,2,0,0,0,0,0,0,0,0,1,3,226,Score uses pre-execution metadata only.
local-desktop-new folder14-d9978e19d3d3,unknown,New Folder14,0,0,2,0,0,0,0,0,0,0,0,1,3,227,Score uses pre-execution metadata only.
local-documents-new folder14-14799c7b7b70,unknown,New Folder14,0,0,2,0,0,0,0,0,0,0,0,1,3,228,Score uses pre-execution metadata only.
local-desktop-new folder140-19530a01ed8c,unknown,New Folder140,0,0,2,0,0,0,0,0,0,0,0,1,3,229,Score uses pre-execution metadata only.
local-documents-new folder140-7e3c15ca25ca,unknown,New Folder140,0,0,2,0,0,0,0,0,0,0,0,1,3,230,Score uses pre-execution metadata only.
local-desktop-new folder141-46f580037439,unknown,New Folder141,0,0,2,0,0,0,0,0,0,0,0,1,3,231,Score uses pre-execution metadata only.
local-documents-new folder141-4e9aa070e2e1,unknown,New Folder141,0,0,2,0,0,0,0,0,0,0,0,1,3,232,Score uses pre-execution metadata only.
local-desktop-new folder142-9c074f3d7288,unknown,New Folder142,0,0,2,0,0,0,0,0,0,0,0,1,3,233,Score uses pre-execution metadata only.
local-documents-new folder142-094ed082c191,unknown,New Folder142,0,0,2,0,0,0,0,0,0,0,0,1,3,234,Score uses pre-execution metadata only.
local-desktop-new folder143-50d1ff945182,unknown,New Folder143,0,0,2,0,0,0,0,0,0,0,0,1,3,235,Score uses pre-execution metadata only.
local-documents-new folder143-e61449965871,unknown,New Folder143,0,0,2,0,0,0,0,0,0,0,0,1,3,236,Score uses pre-execution metadata only.
local-desktop-new folder144-284a5cd47510,unknown,New Folder144,0,0,2,0,0,0,0,0,0,0,0,1,3,237,Score uses pre-execution metadata only.
local-documents-new folder144-a73bf9e319b8,unknown,New Folder144,0,0,2,0,0,0,0,0,0,0,0,1,3,238,Score uses pre-execution metadata only.
local-desktop-new folder145-54197091953a,unknown,New Folder145,0,0,2,0,0,0,0,0,0,0,0,1,3,239,Score uses pre-execution metadata only.
local-documents-new folder145-89ddab2f2464,unknown,New Folder145,0,0,2,0,0,0,0,0,0,0,0,1,3,240,Score uses pre-execution metadata only.
local-desktop-new folder146-ef466fb441c0,unknown,New Folder146,0,0,2,0,0,0,0,0,0,0,0,1,3,241,Score uses pre-execution metadata only.
local-documents-new folder146-da6e75ed431b,unknown,New Folder146,0,0,2,0,0,0,0,0,0,0,0,1,3,242,Score uses pre-execution metadata only.
local-desktop-new folder147-f4eb385b6fb8,unknown,New Folder147,0,0,2,0,0,0,0,0,0,0,0,1,3,243,Score uses pre-execution metadata only.
local-documents-new folder147-1934b4682f33,unknown,New Folder147,0,0,2,0,0,0,0,0,0,0,0,1,3,244,Score uses pre-execution metadata only.
local-desktop-new folder148-0735420b0063,unknown,New Folder148,0,0,2,0,0,0,0,0,0,0,0,1,3,245,Score uses pre-execution metadata only.
local-documents-new folder148-e454dc6ceaea,unknown,New Folder148,0,0,2,0,0,0,0,0,0,0,0,1,3,246,Score uses pre-execution metadata only.
local-desktop-new folder149-167e14e10532,unknown,New Folder149,0,0,2,0,0,0,0,0,0,0,0,1,3,247,Score uses pre-execution metadata only.
local-documents-new folder149-f0e18aeaf389,unknown,New Folder149,0,0,2,0,0,0,0,0,0,0,0,1,3,248,Score uses pre-execution metadata only.
local-desktop-new folder15-24fa0d6811e4,unknown,New Folder15,0,0,2,0,0,0,0,0,0,0,0,1,3,249,Score uses pre-execution metadata only.
local-documents-new folder15-282910f5478b,unknown,New Folder15,0,0,2,0,0,0,0,0,0,0,0,1,3,250,Score uses pre-execution metadata only.
local-desktop-new folder150-507cacc3d060,unknown,New Folder150,0,0,2,0,0,0,0,0,0,0,0,1,3,251,Score uses pre-execution metadata only.
local-documents-new folder150-7bf6a96fdb41,unknown,New Folder150,0,0,2,0,0,0,0,0,0,0,0,1,3,252,Score uses pre-execution metadata only.
local-desktop-new folder151-15a7d15137e7,unknown,New Folder151,0,0,2,0,0,0,0,0,0,0,0,1,3,253,Score uses pre-execution metadata only.
local-documents-new folder151-d7bf83bf548f,unknown,New Folder151,0,0,2,0,0,0,0,0,0,0,0,1,3,254,Score uses pre-execution metadata only.
local-desktop-new folder152-ddc5828539d8,unknown,New Folder152,0,0,2,0,0,0,0,0,0,0,0,1,3,255,Score uses pre-execution metadata only.
local-documents-new folder152-f59c56da8426,unknown,New Folder152,0,0,2,0,0,0,0,0,0,0,0,1,3,256,Score uses pre-execution metadata only.
local-desktop-new folder153-4a63349dea16,unknown,New Folder153,0,0,2,0,0,0,0,0,0,0,0,1,3,257,Score uses pre-execution metadata only.
local-documents-new folder153-b18da09471f8,unknown,New Folder153,0,0,2,0,0,0,0,0,0,0,0,1,3,258,Score uses pre-execution metadata only.
local-desktop-new folder154-38dfba5c8ea3,unknown,New Folder154,0,0,2,0,0,0,0,0,0,0,0,1,3,259,Score uses pre-execution metadata only.
local-documents-new folder154-1d24c4df7e66,unknown,New Folder154,0,0,2,0,0,0,0,0,0,0,0,1,3,260,Score uses pre-execution metadata only.
local-desktop-new folder155-8869bc14d05f,unknown,New Folder155,0,0,2,0,0,0,0,0,0,0,0,1,3,261,Score uses pre-execution metadata only.
local-documents-new folder155-fbdbcb86816b,unknown,New Folder155,0,0,2,0,0,0,0,0,0,0,0,1,3,262,Score uses pre-execution metadata only.
local-desktop-new folder156-f67513120df6,unknown,New Folder156,0,0,2,0,0,0,0,0,0,0,0,1,3,263,Score uses pre-execution metadata only.
local-documents-new folder156-92bbe0afa51a,unknown,New Folder156,0,0,2,0,0,0,0,0,0,0,0,1,3,264,Score uses pre-execution metadata only.
local-desktop-new folder157-e1ba4d266dfc,unknown,New Folder157,0,0,2,0,0,0,0,0,0,0,0,1,3,265,Score uses pre-execution metadata only.
local-documents-new folder157-989585b8bb0a,unknown,New Folder157,0,0,2,0,0,0,0,0,0,0,0,1,3,266,Score uses pre-execution metadata only.
local-desktop-new folder158-a089d5ccc8c2,unknown,New Folder158,0,0,2,0,0,0,0,0,0,0,0,1,3,267,Score uses pre-execution metadata only.
local-documents-new folder158-8ac068002fca,unknown,New Folder158,0,0,2,0,0,0,0,0,0,0,0,1,3,268,Score uses pre-execution metadata only.
local-desktop-new folder159-7f41c3585aa3,unknown,New Folder159,0,0,2,0,0,0,0,0,0,0,0,1,3,269,Score uses pre-execution metadata only.
local-documents-new folder159-8b9f96144201,unknown,New Folder159,0,0,2,0,0,0,0,0,0,0,0,1,3,270,Score uses pre-execution metadata only.
local-desktop-new folder16-134341fbc386,unknown,New Folder16,0,0,2,0,0,0,0,0,0,0,0,1,3,271,Score uses pre-execution metadata only.
local-documents-new folder16-f65c9d4b28d9,unknown,New Folder16,0,0,2,0,0,0,0,0,0,0,0,1,3,272,Score uses pre-execution metadata only.
local-desktop-new folder160-1ec0be1fb893,unknown,New Folder160,0,0,2,0,0,0,0,0,0,0,0,1,3,273,Score uses pre-execution metadata only.
local-documents-new folder160-d09f96aba173,unknown,New Folder160,0,0,2,0,0,0,0,0,0,0,0,1,3,274,Score uses pre-execution metadata only.
local-desktop-new folder161-5c97ca6d6b4b,unknown,New Folder161,0,0,2,0,0,0,0,0,0,0,0,1,3,275,Score uses pre-execution metadata only.
local-documents-new folder161-b628be2d8ff9,unknown,New Folder161,0,0,2,0,0,0,0,0,0,0,0,1,3,276,Score uses pre-execution metadata only.
local-desktop-new folder162-32e63a6d557a,unknown,New Folder162,0,0,2,0,0,0,0,0,0,0,0,1,3,277,Score uses pre-execution metadata only.
local-documents-new folder162-8a7ab2b05748,unknown,New Folder162,0,0,2,0,0,0,0,0,0,0,0,1,3,278,Score uses pre-execution metadata only.
local-desktop-new folder163-b5cc3d459ac2,unknown,New Folder163,0,0,2,0,0,0,0,0,0,0,0,1,3,279,Score uses pre-execution metadata only.
local-documents-new folder163-45ba08568b8b,unknown,New Folder163,0,0,2,0,0,0,0,0,0,0,0,1,3,280,Score uses pre-execution metadata only.
local-desktop-new folder164-a7bddf49186f,unknown,New Folder164,0,0,2,0,0,0,0,0,0,0,0,1,3,281,Score uses pre-execution metadata only.
local-documents-new folder164-70226a5d16fe,unknown,New Folder164,0,0,2,0,0,0,0,0,0,0,0,1,3,282,Score uses pre-execution metadata only.
local-desktop-new folder165-36a799ec8b2c,unknown,New Folder165,0,0,2,0,0,0,0,0,0,0,0,1,3,283,Score uses pre-execution metadata only.
local-documents-new folder165-3712b451e0a7,unknown,New Folder165,0,0,2,0,0,0,0,0,0,0,0,1,3,284,Score uses pre-execution metadata only.
local-desktop-new folder166-982bc1b1d5fa,unknown,New Folder166,0,0,2,0,0,0,0,0,0,0,0,1,3,285,Score uses pre-execution metadata only.
local-documents-new folder166-a5b75e755cb6,unknown,New Folder166,0,0,2,0,0,0,0,0,0,0,0,1,3,286,Score uses pre-execution metadata only.
local-desktop-new folder167-b2bba2b50a26,unknown,New Folder167,0,0,2,0,0,0,0,0,0,0,0,1,3,287,Score uses pre-execution metadata only.
local-documents-new folder167-aa372690829f,unknown,New Folder167,0,0,2,0,0,0,0,0,0,0,0,1,3,288,Score uses pre-execution metadata only.
local-desktop-new folder168-e029566920b9,unknown,New Folder168,0,0,2,0,0,0,0,0,0,0,0,1,3,289,Score uses pre-execution metadata only.
local-documents-new folder168-87bba6eb7b34,unknown,New Folder168,0,0,2,0,0,0,0,0,0,0,0,1,3,290,Score uses pre-execution metadata only.
local-desktop-new folder169-031580fc0373,unknown,New Folder169,0,0,2,0,0,0,0,0,0,0,0,1,3,291,Score uses pre-execution metadata only.
local-documents-new folder169-7bde9ae398f6,unknown,New Folder169,0,0,2,0,0,0,0,0,0,0,0,1,3,292,Score uses pre-execution metadata only.
local-desktop-new folder17-ca60b468c4f7,unknown,New Folder17,0,0,2,0,0,0,0,0,0,0,0,1,3,293,Score uses pre-execution metadata only.
local-documents-new folder17-15d5db241da4,unknown,New Folder17,0,0,2,0,0,0,0,0,0,0,0,1,3,294,Score uses pre-execution metadata only.
local-desktop-new folder170-0bb90f7329b5,unknown,New Folder170,0,0,2,0,0,0,0,0,0,0,0,1,3,295,Score uses pre-execution metadata only.
local-documents-new folder170-14b862d18644,unknown,New Folder170,0,0,2,0,0,0,0,0,0,0,0,1,3,296,Score uses pre-execution metadata only.
local-desktop-new folder171-312ff29c2016,unknown,New Folder171,0,0,2,0,0,0,0,0,0,0,0,1,3,297,Score uses pre-execution metadata only.
local-documents-new folder171-bffd29e94895,unknown,New Folder171,0,0,2,0,0,0,0,0,0,0,0,1,3,298,Score uses pre-execution metadata only.
local-desktop-new folder172-26127426a0a5,unknown,New Folder172,0,0,2,0,0,0,0,0,0,0,0,1,3,299,Score uses pre-execution metadata only.
local-documents-new folder172-e5eb31c37bf5,unknown,New Folder172,0,0,2,0,0,0,0,0,0,0,0,1,3,300,Score uses pre-execution metadata only.
local-desktop-new folder173-988ca57b61a4,unknown,New Folder173,0,0,2,0,0,0,0,0,0,0,0,1,3,301,Score uses pre-execution metadata only.
local-documents-new folder173-37c5280d7773,unknown,New Folder173,0,0,2,0,0,0,0,0,0,0,0,1,3,302,Score uses pre-execution metadata only.
local-desktop-new folder174-93dd5da310d1,unknown,New Folder174,0,0,2,0,0,0,0,0,0,0,0,1,3,303,Score uses pre-execution metadata only.
local-documents-new folder174-869220042825,unknown,New Folder174,0,0,2,0,0,0,0,0,0,0,0,1,3,304,Score uses pre-execution metadata only.
local-desktop-new folder175-298a2a077ed7,unknown,New Folder175,0,0,2,0,0,0,0,0,0,0,0,1,3,305,Score uses pre-execution metadata only.
local-documents-new folder175-49784aa73e39,unknown,New Folder175,0,0,2,0,0,0,0,0,0,0,0,1,3,306,Score uses pre-execution metadata only.
local-desktop-new folder176-804c17902705,unknown,New Folder176,0,0,2,0,0,0,0,0,0,0,0,1,3,307,Score uses pre-execution metadata only.
local-documents-new folder176-7cc93eab49ec,unknown,New Folder176,0,0,2,0,0,0,0,0,0,0,0,1,3,308,Score uses pre-execution metadata only.
local-desktop-new folder177-70cb57b58935,unknown,New Folder177,0,0,2,0,0,0,0,0,0,0,0,1,3,309,Score uses pre-execution metadata only.
local-documents-new folder177-97b7ee7df4d0,unknown,New Folder177,0,0,2,0,0,0,0,0,0,0,0,1,3,310,Score uses pre-execution metadata only.
local-desktop-new folder178-0721693a6eba,unknown,New Folder178,0,0,2,0,0,0,0,0,0,0,0,1,3,311,Score uses pre-execution metadata only.
local-documents-new folder178-93505cdde9fb,unknown,New Folder178,0,0,2,0,0,0,0,0,0,0,0,1,3,312,Score uses pre-execution metadata only.
local-desktop-new folder179-66b82ae334d2,unknown,New Folder179,0,0,2,0,0,0,0,0,0,0,0,1,3,313,Score uses pre-execution metadata only.
local-documents-new folder179-6ef211ee9a39,unknown,New Folder179,0,0,2,0,0,0,0,0,0,0,0,1,3,314,Score uses pre-execution metadata only.
local-desktop-new folder18-e8ba94c9d7b8,unknown,New Folder18,0,0,2,0,0,0,0,0,0,0,0,1,3,315,Score uses pre-execution metadata only.
local-documents-new folder18-80fe7aa8b4e5,unknown,New Folder18,0,0,2,0,0,0,0,0,0,0,0,1,3,316,Score uses pre-execution metadata only.
local-desktop-new folder180-21e4e8ff99df,unknown,New Folder180,0,0,2,0,0,0,0,0,0,0,0,1,3,317,Score uses pre-execution metadata only.
local-documents-new folder180-d4980b00e874,unknown,New Folder180,0,0,2,0,0,0,0,0,0,0,0,1,3,318,Score uses pre-execution metadata only.
local-desktop-new folder181-1de1f75351c8,unknown,New Folder181,0,0,2,0,0,0,0,0,0,0,0,1,3,319,Score uses pre-execution metadata only.
local-documents-new folder181-736b666db41e,unknown,New Folder181,0,0,2,0,0,0,0,0,0,0,0,1,3,320,Score uses pre-execution metadata only.
local-desktop-new folder182-781c64c4411c,unknown,New Folder182,0,0,2,0,0,0,0,0,0,0,0,1,3,321,Score uses pre-execution metadata only.
local-documents-new folder182-7418a076a5ce,unknown,New Folder182,0,0,2,0,0,0,0,0,0,0,0,1,3,322,Score uses pre-execution metadata only.
local-desktop-new folder183-f8564a9b70c4,unknown,New Folder183,0,0,2,0,0,0,0,0,0,0,0,1,3,323,Score uses pre-execution metadata only.
local-documents-new folder183-3f82dce42fbd,unknown,New Folder183,0,0,2,0,0,0,0,0,0,0,0,1,3,324,Score uses pre-execution metadata only.
local-desktop-new folder184-6c370aca978d,unknown,New Folder184,0,0,2,0,0,0,0,0,0,0,0,1,3,325,Score uses pre-execution metadata only.
local-documents-new folder184-eaf8cb733a1a,unknown,New Folder184,0,0,2,0,0,0,0,0,0,0,0,1,3,326,Score uses pre-execution metadata only.
local-desktop-new folder185-abaec7af350a,unknown,New Folder185,0,0,2,0,0,0,0,0,0,0,0,1,3,327,Score uses pre-execution metadata only.
local-documents-new folder185-23b42e93c33c,unknown,New Folder185,0,0,2,0,0,0,0,0,0,0,0,1,3,328,Score uses pre-execution metadata only.
local-desktop-new folder186-347b0536db8e,unknown,New Folder186,0,0,2,0,0,0,0,0,0,0,0,1,3,329,Score uses pre-execution metadata only.
local-documents-new folder186-f55bf4af099b,unknown,New Folder186,0,0,2,0,0,0,0,0,0,0,0,1,3,330,Score uses pre-execution metadata only.
local-desktop-new folder187-d8b059396de5,unknown,New Folder187,0,0,2,0,0,0,0,0,0,0,0,1,3,331,Score uses pre-execution metadata only.
local-documents-new folder187-837c869a2d62,unknown,New Folder187,0,0,2,0,0,0,0,0,0,0,0,1,3,332,Score uses pre-execution metadata only.
local-desktop-new folder188-cba053454fdf,unknown,New Folder188,0,0,2,0,0,0,0,0,0,0,0,1,3,333,Score uses pre-execution metadata only.
local-documents-new folder188-27c23f202e56,unknown,New Folder188,0,0,2,0,0,0,0,0,0,0,0,1,3,334,Score uses pre-execution metadata only.
local-desktop-new folder189-4d1aa59c8d0c,unknown,New Folder189,0,0,2,0,0,0,0,0,0,0,0,1,3,335,Score uses pre-execution metadata only.
local-documents-new folder189-38b784133e58,unknown,New Folder189,0,0,2,0,0,0,0,0,0,0,0,1,3,336,Score uses pre-execution metadata only.
local-desktop-new folder19-479c32a6812e,unknown,New Folder19,0,0,2,0,0,0,0,0,0,0,0,1,3,337,Score uses pre-execution metadata only.
local-documents-new folder19-c540829d14a3,unknown,New Folder19,0,0,2,0,0,0,0,0,0,0,0,1,3,338,Score uses pre-execution metadata only.
local-desktop-new folder190-c56124362b43,unknown,New Folder190,0,0,2,0,0,0,0,0,0,0,0,1,3,339,Score uses pre-execution metadata only.
local-documents-new folder190-b1ac2ea7f568,unknown,New Folder190,0,0,2,0,0,0,0,0,0,0,0,1,3,340,Score uses pre-execution metadata only.
local-desktop-new folder191-916c387231f3,unknown,New Folder191,0,0,2,0,0,0,0,0,0,0,0,1,3,341,Score uses pre-execution metadata only.
local-documents-new folder191-7fb4d0bef15b,unknown,New Folder191,0,0,2,0,0,0,0,0,0,0,0,1,3,342,Score uses pre-execution metadata only.
local-desktop-new folder192-be6061cac9d0,unknown,New Folder192,0,0,2,0,0,0,0,0,0,0,0,1,3,343,Score uses pre-execution metadata only.
local-documents-new folder192-33507983cffa,unknown,New Folder192,0,0,2,0,0,0,0,0,0,0,0,1,3,344,Score uses pre-execution metadata only.
local-desktop-new folder193-9cd6dbe77f3b,unknown,New Folder193,0,0,2,0,0,0,0,0,0,0,0,1,3,345,Score uses pre-execution metadata only.
local-documents-new folder193-fd0d26da5d38,unknown,New Folder193,0,0,2,0,0,0,0,0,0,0,0,1,3,346,Score uses pre-execution metadata only.
local-desktop-new folder194-395090f227b8,unknown,New Folder194,0,0,2,0,0,0,0,0,0,0,0,1,3,347,Score uses pre-execution metadata only.
local-documents-new folder194-1c91d844c021,unknown,New Folder194,0,0,2,0,0,0,0,0,0,0,0,1,3,348,Score uses pre-execution metadata only.
local-desktop-new folder195-aa530cd57519,unknown,New Folder195,0,0,2,0,0,0,0,0,0,0,0,1,3,349,Score uses pre-execution metadata only.
local-documents-new folder195-3e75fa644c21,unknown,New Folder195,0,0,2,0,0,0,0,0,0,0,0,1,3,350,Score uses pre-execution metadata only.
local-desktop-new folder2-ffbb2092b995,unknown,New Folder2,0,0,2,0,0,0,0,0,0,0,0,1,3,351,Score uses pre-execution metadata only.
local-documents-new folder2-dfa13af28b15,unknown,New Folder2,0,0,2,0,0,0,0,0,0,0,0,1,3,352,Score uses pre-execution metadata only.
local-desktop-new folder20-c9155597054a,unknown,New Folder20,0,0,2,0,0,0,0,0,0,0,0,1,3,353,Score uses pre-execution metadata only.
local-documents-new folder20-9a3072d43f4f,unknown,New Folder20,0,0,2,0,0,0,0,0,0,0,0,1,3,354,Score uses pre-execution metadata only.
local-desktop-new folder21-8daf8ff48b3c,unknown,New Folder21,0,0,2,0,0,0,0,0,0,0,0,1,3,355,Score uses pre-execution metadata only.
local-documents-new folder21-3f3ce5d3a567,unknown,New Folder21,0,0,2,0,0,0,0,0,0,0,0,1,3,356,Score uses pre-execution metadata only.
local-desktop-new folder22-1ed8af10e47f,unknown,New Folder22,0,0,2,0,0,0,0,0,0,0,0,1,3,357,Score uses pre-execution metadata only.
local-documents-new folder22-aef4faeaa131,unknown,New Folder22,0,0,2,0,0,0,0,0,0,0,0,1,3,358,Score uses pre-execution metadata only.
local-desktop-new folder23-b47e00f78603,unknown,New Folder23,0,0,2,0,0,0,0,0,0,0,0,1,3,359,Score uses pre-execution metadata only.
local-documents-new folder23-d9a29ec8f09f,unknown,New Folder23,0,0,2,0,0,0,0,0,0,0,0,1,3,360,Score uses pre-execution metadata only.
local-desktop-new folder24-1011ba6d765c,unknown,New Folder24,0,0,2,0,0,0,0,0,0,0,0,1,3,361,Score uses pre-execution metadata only.
local-documents-new folder24-b2d41cb9b703,unknown,New Folder24,0,0,2,0,0,0,0,0,0,0,0,1,3,362,Score uses pre-execution metadata only.
local-desktop-new folder25-c32ee1b05aa2,unknown,New Folder25,0,0,2,0,0,0,0,0,0,0,0,1,3,363,Score uses pre-execution metadata only.
local-documents-new folder25-3df81dd5ee54,unknown,New Folder25,0,0,2,0,0,0,0,0,0,0,0,1,3,364,Score uses pre-execution metadata only.
local-desktop-new folder26-f97005ad8949,unknown,New Folder26,0,0,2,0,0,0,0,0,0,0,0,1,3,365,Score uses pre-execution metadata only.
local-documents-new folder26-21168b0724b9,unknown,New Folder26,0,0,2,0,0,0,0,0,0,0,0,1,3,366,Score uses pre-execution metadata only.
local-desktop-new folder27-3fbfd63719c6,unknown,New Folder27,0,0,2,0,0,0,0,0,0,0,0,1,3,367,Score uses pre-execution metadata only.
local-documents-new folder27-69fe2fb7367f,unknown,New Folder27,0,0,2,0,0,0,0,0,0,0,0,1,3,368,Score uses pre-execution metadata only.
local-desktop-new folder28-1895bbc1c262,unknown,New Folder28,0,0,2,0,0,0,0,0,0,0,0,1,3,369,Score uses pre-execution metadata only.
local-documents-new folder28-f0b1040f9bc4,unknown,New Folder28,0,0,2,0,0,0,0,0,0,0,0,1,3,370,Score uses pre-execution metadata only.
local-desktop-new folder29-e968b2a4264a,unknown,New Folder29,0,0,2,0,0,0,0,0,0,0,0,1,3,371,Score uses pre-execution metadata only.
local-documents-new folder29-b390830cfc39,unknown,New Folder29,0,0,2,0,0,0,0,0,0,0,0,1,3,372,Score uses pre-execution metadata only.
local-desktop-new folder3-7294f42788e6,unknown,New Folder3,0,0,2,0,0,0,0,0,0,0,0,1,3,373,Score uses pre-execution metadata only.
local-documents-new folder3-92d9c959e8dc,unknown,New Folder3,0,0,2,0,0,0,0,0,0,0,0,1,3,374,Score uses pre-execution metadata only.
local-desktop-new folder30-6d948d474649,unknown,New Folder30,0,0,2,0,0,0,0,0,0,0,0,1,3,375,Score uses pre-execution metadata only.
local-documents-new folder30-7b88190ce09c,unknown,New Folder30,0,0,2,0,0,0,0,0,0,0,0,1,3,376,Score uses pre-execution metadata only.
local-desktop-new folder31-db83c857be45,unknown,New Folder31,0,0,2,0,0,0,0,0,0,0,0,1,3,377,Score uses pre-execution metadata only.
local-documents-new folder31-8fec25fda092,unknown,New Folder31,0,0,2,0,0,0,0,0,0,0,0,1,3,378,Score uses pre-execution metadata only.
local-desktop-new folder32-70a34a37b6c3,unknown,New Folder32,0,0,2,0,0,0,0,0,0,0,0,1,3,379,Score uses pre-execution metadata only.
local-documents-new folder32-249ccd37d43c,unknown,New Folder32,0,0,2,0,0,0,0,0,0,0,0,1,3,380,Score uses pre-execution metadata only.
local-desktop-new folder33-83736d6a661c,unknown,New Folder33,0,0,2,0,0,0,0,0,0,0,0,1,3,381,Score uses pre-execution metadata only.
local-documents-new folder33-6a73dbd699be,unknown,New Folder33,0,0,2,0,0,0,0,0,0,0,0,1,3,382,Score uses pre-execution metadata only.
local-desktop-new folder34-f7587e6cf9d1,unknown,New Folder34,0,0,2,0,0,0,0,0,0,0,0,1,3,383,Score uses pre-execution metadata only.
local-documents-new folder34-d2202d71b66b,unknown,New Folder34,0,0,2,0,0,0,0,0,0,0,0,1,3,384,Score uses pre-execution metadata only.
local-desktop-new folder35-9063c9bee6d7,unknown,New Folder35,0,0,2,0,0,0,0,0,0,0,0,1,3,385,Score uses pre-execution metadata only.
local-documents-new folder35-79d08168f63f,unknown,New Folder35,0,0,2,0,0,0,0,0,0,0,0,1,3,386,Score uses pre-execution metadata only.
local-desktop-new folder36-d1ac1d246a75,unknown,New Folder36,0,0,2,0,0,0,0,0,0,0,0,1,3,387,Score uses pre-execution metadata only.
local-documents-new folder36-c03da56d7b4a,unknown,New Folder36,0,0,2,0,0,0,0,0,0,0,0,1,3,388,Score uses pre-execution metadata only.
local-desktop-new folder37-8fa74af7b171,unknown,New Folder37,0,0,2,0,0,0,0,0,0,0,0,1,3,389,Score uses pre-execution metadata only.
local-documents-new folder37-bdf8085dd693,unknown,New Folder37,0,0,2,0,0,0,0,0,0,0,0,1,3,390,Score uses pre-execution metadata only.
local-desktop-new folder38-a8e1a0882fbd,unknown,New Folder38,0,0,2,0,0,0,0,0,0,0,0,1,3,391,Score uses pre-execution metadata only.
local-documents-new folder38-cf2dfed4b3a5,unknown,New Folder38,0,0,2,0,0,0,0,0,0,0,0,1,3,392,Score uses pre-execution metadata only.
local-desktop-new folder39-492304c7d610,unknown,New Folder39,0,0,2,0,0,0,0,0,0,0,0,1,3,393,Score uses pre-execution metadata only.
local-documents-new folder39-68a1cd84b923,unknown,New Folder39,0,0,2,0,0,0,0,0,0,0,0,1,3,394,Score uses pre-execution metadata only.
local-desktop-new folder4-5e90ce215790,unknown,New Folder4,0,0,2,0,0,0,0,0,0,0,0,1,3,395,Score uses pre-execution metadata only.
local-documents-new folder4-4d605ae6d6ed,unknown,New Folder4,0,0,2,0,0,0,0,0,0,0,0,1,3,396,Score uses pre-execution metadata only.
local-desktop-new folder40-a357a6013a47,unknown,New Folder40,0,0,2,0,0,0,0,0,0,0,0,1,3,397,Score uses pre-execution metadata only.
local-documents-new folder40-f7536a84aefd,unknown,New Folder40,0,0,2,0,0,0,0,0,0,0,0,1,3,398,Score uses pre-execution metadata only.
local-desktop-new folder41-5e752bd4dc1e,unknown,New Folder41,0,0,2,0,0,0,0,0,0,0,0,1,3,399,Score uses pre-execution metadata only.
local-documents-new folder41-fa00aead7260,unknown,New Folder41,0,0,2,0,0,0,0,0,0,0,0,1,3,400,Score uses pre-execution metadata only.
local-desktop-new folder42-c6a910d31422,unknown,New Folder42,0,0,2,0,0,0,0,0,0,0,0,1,3,401,Score uses pre-execution metadata only.
local-documents-new folder42-905314343ee6,unknown,New Folder42,0,0,2,0,0,0,0,0,0,0,0,1,3,402,Score uses pre-execution metadata only.
local-desktop-new folder43-e54f01320b81,unknown,New Folder43,0,0,2,0,0,0,0,0,0,0,0,1,3,403,Score uses pre-execution metadata only.
local-documents-new folder43-90a70e736452,unknown,New Folder43,0,0,2,0,0,0,0,0,0,0,0,1,3,404,Score uses pre-execution metadata only.
local-desktop-new folder44-55205340459d,unknown,New Folder44,0,0,2,0,0,0,0,0,0,0,0,1,3,405,Score uses pre-execution metadata only.
local-documents-new folder44-b3e60731b809,unknown,New Folder44,0,0,2,0,0,0,0,0,0,0,0,1,3,406,Score uses pre-execution metadata only.
local-desktop-new folder45-ae46d2afbc7e,unknown,New Folder45,0,0,2,0,0,0,0,0,0,0,0,1,3,407,Score uses pre-execution metadata only.
local-documents-new folder45-9039bd1652cf,unknown,New Folder45,0,0,2,0,0,0,0,0,0,0,0,1,3,408,Score uses pre-execution metadata only.
local-desktop-new folder46-5da9f9308d6e,unknown,New Folder46,0,0,2,0,0,0,0,0,0,0,0,1,3,409,Score uses pre-execution metadata only.
local-documents-new folder46-25ca515d7a27,unknown,New Folder46,0,0,2,0,0,0,0,0,0,0,0,1,3,410,Score uses pre-execution metadata only.
local-desktop-new folder47-95581b285da1,unknown,New Folder47,0,0,2,0,0,0,0,0,0,0,0,1,3,411,Score uses pre-execution metadata only.
local-documents-new folder47-1f8c71adfb36,unknown,New Folder47,0,0,2,0,0,0,0,0,0,0,0,1,3,412,Score uses pre-execution metadata only.
local-desktop-new folder48-9ea319d13943,unknown,New Folder48,0,0,2,0,0,0,0,0,0,0,0,1,3,413,Score uses pre-execution metadata only.
local-documents-new folder48-022efb9b839d,unknown,New Folder48,0,0,2,0,0,0,0,0,0,0,0,1,3,414,Score uses pre-execution metadata only.
local-desktop-new folder49-b9b546b6ee1c,unknown,New Folder49,0,0,2,0,0,0,0,0,0,0,0,1,3,415,Score uses pre-execution metadata only.
local-documents-new folder49-cce511ef9d73,unknown,New Folder49,0,0,2,0,0,0,0,0,0,0,0,1,3,416,Score uses pre-execution metadata only.
local-desktop-new folder5-0b1014a3aaad,unknown,New Folder5,0,0,2,0,0,0,0,0,0,0,0,1,3,417,Score uses pre-execution metadata only.
local-documents-new folder5-4c2cf49cf355,unknown,New Folder5,0,0,2,0,0,0,0,0,0,0,0,1,3,418,Score uses pre-execution metadata only.
local-desktop-new folder50-810973f82e2e,unknown,New Folder50,0,0,2,0,0,0,0,0,0,0,0,1,3,419,Score uses pre-execution metadata only.
local-documents-new folder50-be9761a72f15,unknown,New Folder50,0,0,2,0,0,0,0,0,0,0,0,1,3,420,Score uses pre-execution metadata only.
local-desktop-new folder51-e2e64bc9a0e0,unknown,New Folder51,0,0,2,0,0,0,0,0,0,0,0,1,3,421,Score uses pre-execution metadata only.
local-documents-new folder51-cf4f41164fbb,unknown,New Folder51,0,0,2,0,0,0,0,0,0,0,0,1,3,422,Score uses pre-execution metadata only.
local-desktop-new folder52-32ddad307f2b,unknown,New Folder52,0,0,2,0,0,0,0,0,0,0,0,1,3,423,Score uses pre-execution metadata only.
local-documents-new folder52-082d271d9928,unknown,New Folder52,0,0,2,0,0,0,0,0,0,0,0,1,3,424,Score uses pre-execution metadata only.
local-desktop-new folder53-ffd8f997a107,unknown,New Folder53,0,0,2,0,0,0,0,0,0,0,0,1,3,425,Score uses pre-execution metadata only.
local-documents-new folder53-79666f990c16,unknown,New Folder53,0,0,2,0,0,0,0,0,0,0,0,1,3,426,Score uses pre-execution metadata only.
local-desktop-new folder54-c01d5f4ec268,unknown,New Folder54,0,0,2,0,0,0,0,0,0,0,0,1,3,427,Score uses pre-execution metadata only.
local-documents-new folder54-6dd61467e526,unknown,New Folder54,0,0,2,0,0,0,0,0,0,0,0,1,3,428,Score uses pre-execution metadata only.
local-desktop-new folder55-d1c6bbd17beb,unknown,New Folder55,0,0,2,0,0,0,0,0,0,0,0,1,3,429,Score uses pre-execution metadata only.
local-documents-new folder55-05f87c6fd9a5,unknown,New Folder55,0,0,2,0,0,0,0,0,0,0,0,1,3,430,Score uses pre-execution metadata only.
local-desktop-new folder56-c61395510ffa,unknown,New Folder56,0,0,2,0,0,0,0,0,0,0,0,1,3,431,Score uses pre-execution metadata only.
local-documents-new folder56-4ef8180cd709,unknown,New Folder56,0,0,2,0,0,0,0,0,0,0,0,1,3,432,Score uses pre-execution metadata only.
local-desktop-new folder57-44f052638a10,unknown,New Folder57,0,0,2,0,0,0,0,0,0,0,0,1,3,433,Score uses pre-execution metadata only.
local-documents-new folder57-d2289012a075,unknown,New Folder57,0,0,2,0,0,0,0,0,0,0,0,1,3,434,Score uses pre-execution metadata only.
local-desktop-new folder58-c36c3349df13,unknown,New Folder58,0,0,2,0,0,0,0,0,0,0,0,1,3,435,Score uses pre-execution metadata only.
local-documents-new folder58-b244cebf5017,unknown,New Folder58,0,0,2,0,0,0,0,0,0,0,0,1,3,436,Score uses pre-execution metadata only.
local-desktop-new folder59-fd4c0d3851ce,unknown,New Folder59,0,0,2,0,0,0,0,0,0,0,0,1,3,437,Score uses pre-execution metadata only.
local-documents-new folder59-090a4af46b9c,unknown,New Folder59,0,0,2,0,0,0,0,0,0,0,0,1,3,438,Score uses pre-execution metadata only.
local-desktop-new folder6-a9ef57596ead,unknown,New Folder6,0,0,2,0,0,0,0,0,0,0,0,1,3,439,Score uses pre-execution metadata only.
local-documents-new folder6-d5e3a9ffb79d,unknown,New Folder6,0,0,2,0,0,0,0,0,0,0,0,1,3,440,Score uses pre-execution metadata only.
local-desktop-new folder60-a97816a91ab9,unknown,New Folder60,0,0,2,0,0,0,0,0,0,0,0,1,3,441,Score uses pre-execution metadata only.
local-documents-new folder60-7300e75e07b7,unknown,New Folder60,0,0,2,0,0,0,0,0,0,0,0,1,3,442,Score uses pre-execution metadata only.
local-desktop-new folder61-337ebd506321,unknown,New Folder61,0,0,2,0,0,0,0,0,0,0,0,1,3,443,Score uses pre-execution metadata only.
local-documents-new folder61-3e5769d9b4ad,unknown,New Folder61,0,0,2,0,0,0,0,0,0,0,0,1,3,444,Score uses pre-execution metadata only.
local-desktop-new folder62-b2619516eeb9,unknown,New Folder62,0,0,2,0,0,0,0,0,0,0,0,1,3,445,Score uses pre-execution metadata only.
local-documents-new folder62-771d2af01db8,unknown,New Folder62,0,0,2,0,0,0,0,0,0,0,0,1,3,446,Score uses pre-execution metadata only.
local-desktop-new folder63-10ebcddc8f73,unknown,New Folder63,0,0,2,0,0,0,0,0,0,0,0,1,3,447,Score uses pre-execution metadata only.
local-documents-new folder63-beade85f73c8,unknown,New Folder63,0,0,2,0,0,0,0,0,0,0,0,1,3,448,Score uses pre-execution metadata only.
local-desktop-new folder64-5a7879ddbdf3,unknown,New Folder64,0,0,2,0,0,0,0,0,0,0,0,1,3,449,Score uses pre-execution metadata only.
local-documents-new folder64-1c9d13fdcd16,unknown,New Folder64,0,0,2,0,0,0,0,0,0,0,0,1,3,450,Score uses pre-execution metadata only.
local-desktop-new folder65-c4b1d9e33e07,unknown,New Folder65,0,0,2,0,0,0,0,0,0,0,0,1,3,451,Score uses pre-execution metadata only.
local-documents-new folder65-b211449d51fa,unknown,New Folder65,0,0,2,0,0,0,0,0,0,0,0,1,3,452,Score uses pre-execution metadata only.
local-desktop-new folder66-940eeb5e8852,unknown,New Folder66,0,0,2,0,0,0,0,0,0,0,0,1,3,453,Score uses pre-execution metadata only.
local-documents-new folder66-2e9bfd0a91e6,unknown,New Folder66,0,0,2,0,0,0,0,0,0,0,0,1,3,454,Score uses pre-execution metadata only.
local-desktop-new folder67-d06263f1f06f,unknown,New Folder67,0,0,2,0,0,0,0,0,0,0,0,1,3,455,Score uses pre-execution metadata only.
local-documents-new folder67-835eb9098fcf,unknown,New Folder67,0,0,2,0,0,0,0,0,0,0,0,1,3,456,Score uses pre-execution metadata only.
local-desktop-new folder68-cd8d0eb24fc3,unknown,New Folder68,0,0,2,0,0,0,0,0,0,0,0,1,3,457,Score uses pre-execution metadata only.
local-documents-new folder68-78a11e7280bc,unknown,New Folder68,0,0,2,0,0,0,0,0,0,0,0,1,3,458,Score uses pre-execution metadata only.
local-desktop-new folder69-ead34a34987b,unknown,New Folder69,0,0,2,0,0,0,0,0,0,0,0,1,3,459,Score uses pre-execution metadata only.
local-documents-new folder69-2105079352cc,unknown,New Folder69,0,0,2,0,0,0,0,0,0,0,0,1,3,460,Score uses pre-execution metadata only.
local-desktop-new folder7-857dadeae493,unknown,New Folder7,0,0,2,0,0,0,0,0,0,0,0,1,3,461,Score uses pre-execution metadata only.
local-documents-new folder7-9b644ae14aad,unknown,New Folder7,0,0,2,0,0,0,0,0,0,0,0,1,3,462,Score uses pre-execution metadata only.
local-desktop-new folder70-9df3c7408f94,unknown,New Folder70,0,0,2,0,0,0,0,0,0,0,0,1,3,463,Score uses pre-execution metadata only.
local-documents-new folder70-2f85878bfaf9,unknown,New Folder70,0,0,2,0,0,0,0,0,0,0,0,1,3,464,Score uses pre-execution metadata only.
local-desktop-new folder71-042d49a101ba,unknown,New Folder71,0,0,2,0,0,0,0,0,0,0,0,1,3,465,Score uses pre-execution metadata only.
local-documents-new folder71-7a99c648a656,unknown,New Folder71,0,0,2,0,0,0,0,0,0,0,0,1,3,466,Score uses pre-execution metadata only.
local-desktop-new folder72-b905b7258fc1,unknown,New Folder72,0,0,2,0,0,0,0,0,0,0,0,1,3,467,Score uses pre-execution metadata only.
local-documents-new folder72-470614d46452,unknown,New Folder72,0,0,2,0,0,0,0,0,0,0,0,1,3,468,Score uses pre-execution metadata only.
local-desktop-new folder73-a0b3abed4122,unknown,New Folder73,0,0,2,0,0,0,0,0,0,0,0,1,3,469,Score uses pre-execution metadata only.
local-documents-new folder73-32250321964a,unknown,New Folder73,0,0,2,0,0,0,0,0,0,0,0,1,3,470,Score uses pre-execution metadata only.
local-desktop-new folder74-c27861e5ee39,unknown,New Folder74,0,0,2,0,0,0,0,0,0,0,0,1,3,471,Score uses pre-execution metadata only.
local-documents-new folder74-0ac095adf3a5,unknown,New Folder74,0,0,2,0,0,0,0,0,0,0,0,1,3,472,Score uses pre-execution metadata only.
local-desktop-new folder75-de7f327fbb97,unknown,New Folder75,0,0,2,0,0,0,0,0,0,0,0,1,3,473,Score uses pre-execution metadata only.
local-documents-new folder75-4e49350956fa,unknown,New Folder75,0,0,2,0,0,0,0,0,0,0,0,1,3,474,Score uses pre-execution metadata only.
local-desktop-new folder76-0cd5e211762b,unknown,New Folder76,0,0,2,0,0,0,0,0,0,0,0,1,3,475,Score uses pre-execution metadata only.
local-documents-new folder76-b7923745509b,unknown,New Folder76,0,0,2,0,0,0,0,0,0,0,0,1,3,476,Score uses pre-execution metadata only.
local-desktop-new folder77-ae54df9ac83d,unknown,New Folder77,0,0,2,0,0,0,0,0,0,0,0,1,3,477,Score uses pre-execution metadata only.
local-documents-new folder77-8cc0e3b1e881,unknown,New Folder77,0,0,2,0,0,0,0,0,0,0,0,1,3,478,Score uses pre-execution metadata only.
local-desktop-new folder78-6842c6186ae8,unknown,New Folder78,0,0,2,0,0,0,0,0,0,0,0,1,3,479,Score uses pre-execution metadata only.
local-documents-new folder78-7ea4b2855dd4,unknown,New Folder78,0,0,2,0,0,0,0,0,0,0,0,1,3,480,Score uses pre-execution metadata only.
local-desktop-new folder79-ec759e25969d,unknown,New Folder79,0,0,2,0,0,0,0,0,0,0,0,1,3,481,Score uses pre-execution metadata only.
local-documents-new folder79-7a88e073cd13,unknown,New Folder79,0,0,2,0,0,0,0,0,0,0,0,1,3,482,Score uses pre-execution metadata only.
local-desktop-new folder8-21bf4fbd8f47,unknown,New Folder8,0,0,2,0,0,0,0,0,0,0,0,1,3,483,Score uses pre-execution metadata only.
local-documents-new folder8-cb9653744fdc,unknown,New Folder8,0,0,2,0,0,0,0,0,0,0,0,1,3,484,Score uses pre-execution metadata only.
local-desktop-new folder80-a41a1c20021a,unknown,New Folder80,0,0,2,0,0,0,0,0,0,0,0,1,3,485,Score uses pre-execution metadata only.
local-documents-new folder80-a4bdc155df8a,unknown,New Folder80,0,0,2,0,0,0,0,0,0,0,0,1,3,486,Score uses pre-execution metadata only.
local-desktop-new folder81-15b1bcf9e990,unknown,New Folder81,0,0,2,0,0,0,0,0,0,0,0,1,3,487,Score uses pre-execution metadata only.
local-documents-new folder81-700c2b37b63d,unknown,New Folder81,0,0,2,0,0,0,0,0,0,0,0,1,3,488,Score uses pre-execution metadata only.
local-desktop-new folder82-59deab015703,unknown,New Folder82,0,0,2,0,0,0,0,0,0,0,0,1,3,489,Score uses pre-execution metadata only.
local-documents-new folder82-d8e4ec0b9ab5,unknown,New Folder82,0,0,2,0,0,0,0,0,0,0,0,1,3,490,Score uses pre-execution metadata only.
local-desktop-new folder83-2090b716c855,unknown,New Folder83,0,0,2,0,0,0,0,0,0,0,0,1,3,491,Score uses pre-execution metadata only.
local-documents-new folder83-25986da71109,unknown,New Folder83,0,0,2,0,0,0,0,0,0,0,0,1,3,492,Score uses pre-execution metadata only.
local-desktop-new folder84-8769ceaf98a8,unknown,New Folder84,0,0,2,0,0,0,0,0,0,0,0,1,3,493,Score uses pre-execution metadata only.
local-documents-new folder84-98ab24b15b32,unknown,New Folder84,0,0,2,0,0,0,0,0,0,0,0,1,3,494,Score uses pre-execution metadata only.
local-desktop-new folder85-6dcfa2138a52,unknown,New Folder85,0,0,2,0,0,0,0,0,0,0,0,1,3,495,Score uses pre-execution metadata only.
local-documents-new folder85-e34f20760d17,unknown,New Folder85,0,0,2,0,0,0,0,0,0,0,0,1,3,496,Score uses pre-execution metadata only.
local-desktop-new folder86-2e1ace055434,unknown,New Folder86,0,0,2,0,0,0,0,0,0,0,0,1,3,497,Score uses pre-execution metadata only.
local-documents-new folder86-e3e0ac742945,unknown,New Folder86,0,0,2,0,0,0,0,0,0,0,0,1,3,498,Score uses pre-execution metadata only.
local-desktop-new folder87-a17d7e81704b,unknown,New Folder87,0,0,2,0,0,0,0,0,0,0,0,1,3,499,Score uses pre-execution metadata only.
local-documents-new folder87-9e23dd40041e,unknown,New Folder87,0,0,2,0,0,0,0,0,0,0,0,1,3,500,Score uses pre-execution metadata only.
local-desktop-new folder88-ac539e53139f,unknown,New Folder88,0,0,2,0,0,0,0,0,0,0,0,1,3,501,Score uses pre-execution metadata only.
local-documents-new folder88-e2373d97d52c,unknown,New Folder88,0,0,2,0,0,0,0,0,0,0,0,1,3,502,Score uses pre-execution metadata only.
local-desktop-new folder89-0579e2dd95d5,unknown,New Folder89,0,0,2,0,0,0,0,0,0,0,0,1,3,503,Score uses pre-execution metadata only.
local-documents-new folder89-159017bdabec,unknown,New Folder89,0,0,2,0,0,0,0,0,0,0,0,1,3,504,Score uses pre-execution metadata only.
local-desktop-new folder9-0b73f4f59d74,unknown,New Folder9,0,0,2,0,0,0,0,0,0,0,0,1,3,505,Score uses pre-execution metadata only.
local-documents-new folder9-a025f99d4a48,unknown,New Folder9,0,0,2,0,0,0,0,0,0,0,0,1,3,506,Score uses pre-execution metadata only.
local-desktop-new folder90-b1f16e2870c1,unknown,New Folder90,0,0,2,0,0,0,0,0,0,0,0,1,3,507,Score uses pre-execution metadata only.
local-documents-new folder90-0584255aee6e,unknown,New Folder90,0,0,2,0,0,0,0,0,0,0,0,1,3,508,Score uses pre-execution metadata only.
local-desktop-new folder91-4f91a74d55ff,unknown,New Folder91,0,0,2,0,0,0,0,0,0,0,0,1,3,509,Score uses pre-execution metadata only.
local-documents-new folder91-abc6be8c54cb,unknown,New Folder91,0,0,2,0,0,0,0,0,0,0,0,1,3,510,Score uses pre-execution metadata only.
local-desktop-new folder92-ac1bf62342ac,unknown,New Folder92,0,0,2,0,0,0,0,0,0,0,0,1,3,511,Score uses pre-execution metadata only.
local-documents-new folder92-95bec3616e79,unknown,New Folder92,0,0,2,0,0,0,0,0,0,0,0,1,3,512,Score uses pre-execution metadata only.
local-desktop-new folder93-21e0d967dab1,unknown,New Folder93,0,0,2,0,0,0,0,0,0,0,0,1,3,513,Score uses pre-execution metadata only.
local-documents-new folder93-7aef1b9bf6fa,unknown,New Folder93,0,0,2,0,0,0,0,0,0,0,0,1,3,514,Score uses pre-execution metadata only.
local-desktop-new folder94-dd0fe7fb8e24,unknown,New Folder94,0,0,2,0,0,0,0,0,0,0,0,1,3,515,Score uses pre-execution metadata only.
local-documents-new folder94-e483361b80d4,unknown,New Folder94,0,0,2,0,0,0,0,0,0,0,0,1,3,516,Score uses pre-execution metadata only.
local-desktop-new folder95-fb47180f0f1f,unknown,New Folder95,0,0,2,0,0,0,0,0,0,0,0,1,3,517,Score uses pre-execution metadata only.
local-documents-new folder95-1b82b305991a,unknown,New Folder95,0,0,2,0,0,0,0,0,0,0,0,1,3,518,Score uses pre-execution metadata only.
local-desktop-new folder96-f46b3fdfa578,unknown,New Folder96,0,0,2,0,0,0,0,0,0,0,0,1,3,519,Score uses pre-execution metadata only.
local-documents-new folder96-450ddda1d814,unknown,New Folder96,0,0,2,0,0,0,0,0,0,0,0,1,3,520,Score uses pre-execution metadata only.
local-desktop-new folder97-2330b0288d55,unknown,New Folder97,0,0,2,0,0,0,0,0,0,0,0,1,3,521,Score uses pre-execution metadata only.
local-documents-new folder97-ea679356d6ce,unknown,New Folder97,0,0,2,0,0,0,0,0,0,0,0,1,3,522,Score uses pre-execution metadata only.
local-desktop-new folder98-472995aa50f6,unknown,New Folder98,0,0,2,0,0,0,0,0,0,0,0,1,3,523,Score uses pre-execution metadata only.
local-documents-new folder98-6ce674195059,unknown,New Folder98,0,0,2,0,0,0,0,0,0,0,0,1,3,524,Score uses pre-execution metadata only.
local-desktop-new folder99-f9f61acc034b,unknown,New Folder99,0,0,2,0,0,0,0,0,0,0,0,1,3,525,Score uses pre-execution metadata only.
local-documents-new folder99-cba6feb8921b,unknown,New Folder99,0,0,2,0,0,0,0,0,0,0,0,1,3,526,Score uses pre-execution metadata only.
