split,parsed_index,parsed_image_path,source_matched,source_image_path,parsed_pose_shape,source_translation_norm_m,parsed_translation_norm_m,translation_ratio,translation_vector_error_m
train,0,/disk1/zlab/cross_dataset_assets/processed/tum_rgbd/freiburg1_room/images/0000.png,True,/disk1/zlab/cross_dataset_assets/processed/tum_rgbd/freiburg1_room/images/0000.png,"[3, 4]",1.8865584910094888,1.8865585211405738,1.0000000159714555,4.465691370632397e-08
train,1,/disk1/zlab/cross_dataset_assets/processed/tum_rgbd/freiburg1_room/images/0001.png,True,/disk1/zlab/cross_dataset_assets/processed/tum_rgbd/freiburg1_room/images/0001.png,"[3, 4]",1.8983556937518322,1.8983556797697383,0.999999992634629,3.1236874011897256e-08
train,2,/disk1/zlab/cross_dataset_assets/processed/tum_rgbd/freiburg1_room/images/0002.png,True,/disk1/zlab/cross_dataset_assets/processed/tum_rgbd/freiburg1_room/images/0002.png,"[3, 4]",1.9124599812806542,1.9124599423896604,0.9999999796644143,6.024157667604368e-08
train,3,/disk1/zlab/cross_dataset_assets/processed/tum_rgbd/freiburg1_room/images/0003.png,True,/disk1/zlab/cross_dataset_assets/processed/tum_rgbd/freiburg1_room/images/0003.png,"[3, 4]",1.9367167887948924,1.9367168321161492,1.0000000223684005,5.0067175027435874e-08
train,4,/disk1/zlab/cross_dataset_assets/processed/tum_rgbd/freiburg1_room/images/0005.png,True,/disk1/zlab/cross_dataset_assets/processed/tum_rgbd/freiburg1_room/images/0005.png,"[3, 4]",1.9654462444951273,1.9654462721426424,1.0000000140667877,3.11763996629722e-08
train,5,/disk1/zlab/cross_dataset_assets/processed/tum_rgbd/freiburg1_room/images/0006.png,True,/disk1/zlab/cross_dataset_assets/processed/tum_rgbd/freiburg1_room/images/0006.png,"[3, 4]",1.9734129344868498,1.9734129955399893,1.000000030937843,6.14462360690086e-08
train,6,/disk1/zlab/cross_dataset_assets/processed/tum_rgbd/freiburg1_room/images/0007.png,True,/disk1/zlab/cross_dataset_assets/processed/tum_rgbd/freiburg1_room/images/0007.png,"[3, 4]",1.9756015008093106,1.9756014786127025,0.9999999887646329,2.7180387280044058e-08
train,7,/disk1/zlab/cross_dataset_assets/processed/tum_rgbd/freiburg1_room/images/0008.png,True,/disk1/zlab/cross_dataset_assets/processed/tum_rgbd/freiburg1_room/images/0008.png,"[3, 4]",1.9747669027001642,1.9747669400556165,1.0000000189163856,3.864817370088256e-08
train,8,/disk1/zlab/cross_dataset_assets/processed/tum_rgbd/freiburg1_room/images/0010.png,True,/disk1/zlab/cross_dataset_assets/processed/tum_rgbd/freiburg1_room/images/0010.png,"[3, 4]",1.9665411106813915,1.966541099639349,0.9999999943850437,1.2340413077454113e-08
train,9,/disk1/zlab/cross_dataset_assets/processed/tum_rgbd/freiburg1_room/images/0011.png,True,/disk1/zlab/cross_dataset_assets/processed/tum_rgbd/freiburg1_room/images/0011.png,"[3, 4]",1.9625966523970226,1.9625966083924684,0.9999999775784014,5.988907655964989e-08
train,10,/disk1/zlab/cross_dataset_assets/processed/tum_rgbd/freiburg1_room/images/0012.png,True,/disk1/zlab/cross_dataset_assets/processed/tum_rgbd/freiburg1_room/images/0012.png,"[3, 4]",1.9535584096719505,1.9535583949029085,0.9999999924399281,2.2329220606128378e-08
train,11,/disk1/zlab/cross_dataset_assets/processed/tum_rgbd/freiburg1_room/images/0013.png,True,/disk1/zlab/cross_dataset_assets/processed/tum_rgbd/freiburg1_room/images/0013.png,"[3, 4]",1.948567904898364,1.9485679173784693,1.0000000064047578,2.0007396209806956e-08
train,12,/disk1/zlab/cross_dataset_assets/processed/tum_rgbd/freiburg1_room/images/0015.png,True,/disk1/zlab/cross_dataset_assets/processed/tum_rgbd/freiburg1_room/images/0015.png,"[3, 4]",1.9397644960149156,1.939764458055643,0.999999980430989,4.108886724819292e-08
train,13,/disk1/zlab/cross_dataset_assets/processed/tum_rgbd/freiburg1_room/images/0016.png,True,/disk1/zlab/cross_dataset_assets/processed/tum_rgbd/freiburg1_room/images/0016.png,"[3, 4]",1.9295094013764222,1.9295093759153557,0.9999999868043833,5.46475355186956e-08
train,14,/disk1/zlab/cross_dataset_assets/processed/tum_rgbd/freiburg1_room/images/0017.png,True,/disk1/zlab/cross_dataset_assets/processed/tum_rgbd/freiburg1_room/images/0017.png,"[3, 4]",1.9142938802597684,1.9142938939172571,1.0000000071344786,2.3603391124925434e-08
train,15,/disk1/zlab/cross_dataset_assets/processed/tum_rgbd/freiburg1_room/images/0018.png,True,/disk1/zlab/cross_dataset_assets/processed/tum_rgbd/freiburg1_room/images/0018.png,"[3, 4]",1.8925602923024671,1.8925603373214102,1.000000023787323,5.615522346899607e-08
train,16,/disk1/zlab/cross_dataset_assets/processed/tum_rgbd/freiburg1_room/images/0020.png,True,/disk1/zlab/cross_dataset_assets/processed/tum_rgbd/freiburg1_room/images/0020.png,"[3, 4]",1.8565148289200386,1.8565148605701585,1.0000000170481373,3.4894707358798006e-08
train,17,/disk1/zlab/cross_dataset_assets/processed/tum_rgbd/freiburg1_room/images/0021.png,True,/disk1/zlab/cross_dataset_assets/processed/tum_rgbd/freiburg1_room/images/0021.png,"[3, 4]",1.8350520673811956,1.8350520834234707,1.0000000087421361,3.1677782162959905e-08
train,18,/disk1/zlab/cross_dataset_assets/processed/tum_rgbd/freiburg1_room/images/0022.png,True,/disk1/zlab/cross_dataset_assets/processed/tum_rgbd/freiburg1_room/images/0022.png,"[3, 4]",1.8135603353624603,1.8135603896846768,1.000000029953355,5.811422427340599e-08
train,19,/disk1/zlab/cross_dataset_assets/processed/tum_rgbd/freiburg1_room/images/0023.png,True,/disk1/zlab/cross_dataset_assets/processed/tum_rgbd/freiburg1_room/images/0023.png,"[3, 4]",1.7818563241743146,1.781856321541619,0.9999999985224983,3.164359784230873e-08
train,20,/disk1/zlab/cross_dataset_assets/processed/tum_rgbd/freiburg1_room/images/0025.png,True,/disk1/zlab/cross_dataset_assets/processed/tum_rgbd/freiburg1_room/images/0025.png,"[3, 4]",1.7200954799080195,1.7200954418353325,0.9999999778659455,6.253858844108963e-08
train,21,/disk1/zlab/cross_dataset_assets/processed/tum_rgbd/freiburg1_room/images/0026.png,True,/disk1/zlab/cross_dataset_assets/processed/tum_rgbd/freiburg1_room/images/0026.png,"[3, 4]",1.700455850647114,1.700455857760192,1.000000004183042,9.130528907897874e-09
train,22,/disk1/zlab/cross_dataset_assets/processed/tum_rgbd/freiburg1_room/images/0027.png,True,/disk1/zlab/cross_dataset_assets/processed/tum_rgbd/freiburg1_room/images/0027.png,"[3, 4]",1.6815877407973692,1.6815876962291996,0.9999999734963758,4.7772610696719435e-08
train,23,/disk1/zlab/cross_dataset_assets/processed/tum_rgbd/freiburg1_room/images/0028.png,True,/disk1/zlab/cross_dataset_assets/processed/tum_rgbd/freiburg1_room/images/0028.png,"[3, 4]",1.6729386390420897,1.6729386495315104,1.000000006270057,2.7582650131384618e-08
train,24,/disk1/zlab/cross_dataset_assets/processed/tum_rgbd/freiburg1_room/images/0030.png,True,/disk1/zlab/cross_dataset_assets/processed/tum_rgbd/freiburg1_room/images/0030.png,"[3, 4]",1.6529289004672887,1.6529289025362972,1.0000000012517227,1.40306852427528e-08
train,25,/disk1/zlab/cross_dataset_assets/processed/tum_rgbd/freiburg1_room/images/0031.png,True,/disk1/zlab/cross_dataset_assets/processed/tum_rgbd/freiburg1_room/images/0031.png,"[3, 4]",1.6509703813212397,1.650970401167264,1.000000012020824,2.4379625831039086e-08
train,26,/disk1/zlab/cross_dataset_assets/processed/tum_rgbd/freiburg1_room/images/0032.png,True,/disk1/zlab/cross_dataset_assets/processed/tum_rgbd/freiburg1_room/images/0032.png,"[3, 4]",1.653698506378959,1.6536984913633472,0.9999999909199822,1.719260833801356e-08
train,27,/disk1/zlab/cross_dataset_assets/processed/tum_rgbd/freiburg1_room/images/0033.png,True,/disk1/zlab/cross_dataset_assets/processed/tum_rgbd/freiburg1_room/images/0033.png,"[3, 4]",1.6532433668398612,1.6532434088885126,1.000000025434036,4.480435116461743e-08
train,28,/disk1/zlab/cross_dataset_assets/processed/tum_rgbd/freiburg1_room/images/0035.png,True,/disk1/zlab/cross_dataset_assets/processed/tum_rgbd/freiburg1_room/images/0035.png,"[3, 4]",1.6380033852223872,1.6380033491092725,0.999999977952967,3.631674562253093e-08
train,29,/disk1/zlab/cross_dataset_assets/processed/tum_rgbd/freiburg1_room/images/0036.png,True,/disk1/zlab/cross_dataset_assets/processed/tum_rgbd/freiburg1_room/images/0036.png,"[3, 4]",1.6493888474219776,1.6493888566933517,1.0000000056210967,9.906198712364621e-09
train,30,/disk1/zlab/cross_dataset_assets/processed/tum_rgbd/freiburg1_room/images/0037.png,True,/disk1/zlab/cross_dataset_assets/processed/tum_rgbd/freiburg1_room/images/0037.png,"[3, 4]",1.6696551919483258,1.6696552474978554,1.0000000332700607,5.627163861045833e-08
train,31,/disk1/zlab/cross_dataset_assets/processed/tum_rgbd/freiburg1_room/images/0038.png,True,/disk1/zlab/cross_dataset_assets/processed/tum_rgbd/freiburg1_room/images/0038.png,"[3, 4]",1.7026137818072542,1.7026138115964864,1.000000017496177,4.099138610934712e-08
train,32,/disk1/zlab/cross_dataset_assets/processed/tum_rgbd/freiburg1_room/images/0040.png,True,/disk1/zlab/cross_dataset_assets/processed/tum_rgbd/freiburg1_room/images/0040.png,"[3, 4]",1.7160764260370223,1.7160764436239462,1.0000000102483337,1.8020494015671576e-08
train,33,/disk1/zlab/cross_dataset_assets/processed/tum_rgbd/freiburg1_room/images/0041.png,True,/disk1/zlab/cross_dataset_assets/processed/tum_rgbd/freiburg1_room/images/0041.png,"[3, 4]",1.7255624097667404,1.7255623870220755,0.9999999868189845,3.453230367925632e-08
train,34,/disk1/zlab/cross_dataset_assets/processed/tum_rgbd/freiburg1_room/images/0042.png,True,/disk1/zlab/cross_dataset_assets/processed/tum_rgbd/freiburg1_room/images/0042.png,"[3, 4]",1.7454526834033628,1.7454527176497252,1.0000000196203327,3.456174795250303e-08
train,35,/disk1/zlab/cross_dataset_assets/processed/tum_rgbd/freiburg1_room/images/0043.png,True,/disk1/zlab/cross_dataset_assets/processed/tum_rgbd/freiburg1_room/images/0043.png,"[3, 4]",1.7714524690208315,1.7714524375648988,0.9999999822428581,3.281860094731017e-08
train,36,/disk1/zlab/cross_dataset_assets/processed/tum_rgbd/freiburg1_room/images/0045.png,True,/disk1/zlab/cross_dataset_assets/processed/tum_rgbd/freiburg1_room/images/0045.png,"[3, 4]",1.7509446650308513,1.750944708588568,1.0000000248766951,4.8515995770492884e-08
train,37,/disk1/zlab/cross_dataset_assets/processed/tum_rgbd/freiburg1_room/images/0046.png,True,/disk1/zlab/cross_dataset_assets/processed/tum_rgbd/freiburg1_room/images/0046.png,"[3, 4]",1.7303880749704674,1.7303880704307062,0.9999999973764491,1.317193065709073e-08
train,38,/disk1/zlab/cross_dataset_assets/processed/tum_rgbd/freiburg1_room/images/0047.png,True,/disk1/zlab/cross_dataset_assets/processed/tum_rgbd/freiburg1_room/images/0047.png,"[3, 4]",1.712968960606117,1.7129689828250099,1.000000012970984,2.5267375530896588e-08
train,39,/disk1/zlab/cross_dataset_assets/processed/tum_rgbd/freiburg1_room/images/0048.png,True,/disk1/zlab/cross_dataset_assets/processed/tum_rgbd/freiburg1_room/images/0048.png,"[3, 4]",1.707062813724205,1.7070628167181128,1.0000000017538357,1.5069864894852412e-08
train,40,/disk1/zlab/cross_dataset_assets/processed/tum_rgbd/freiburg1_room/images/0050.png,True,/disk1/zlab/cross_dataset_assets/processed/tum_rgbd/freiburg1_room/images/0050.png,"[3, 4]",1.6982428242156655,1.6982427737756194,0.9999999702986844,5.352220438860703e-08
train,41,/disk1/zlab/cross_dataset_assets/processed/tum_rgbd/freiburg1_room/images/0051.png,True,/disk1/zlab/cross_dataset_assets/processed/tum_rgbd/freiburg1_room/images/0051.png,"[3, 4]",1.6992139653380913,1.6992139652935565,0.999999999973791,1.5615233866166412e-08
train,42,/disk1/zlab/cross_dataset_assets/processed/tum_rgbd/freiburg1_room/images/0052.png,True,/disk1/zlab/cross_dataset_assets/processed/tum_rgbd/freiburg1_room/images/0052.png,"[3, 4]",1.722078819334353,1.7220787761697125,0.9999999749345733,5.7523323203375574e-08
train,43,/disk1/zlab/cross_dataset_assets/processed/tum_rgbd/freiburg1_room/images/0053.png,True,/disk1/zlab/cross_dataset_assets/processed/tum_rgbd/freiburg1_room/images/0053.png,"[3, 4]",1.7556531576595646,1.755653171407323,1.0000000078305662,2.123419628133056e-08
train,44,/disk1/zlab/cross_dataset_assets/processed/tum_rgbd/freiburg1_room/images/0055.png,True,/disk1/zlab/cross_dataset_assets/processed/tum_rgbd/freiburg1_room/images/0055.png,"[3, 4]",1.8214603838678456,1.821460332935023,0.9999999720373701,5.41242364021514e-08
train,45,/disk1/zlab/cross_dataset_assets/processed/tum_rgbd/freiburg1_room/images/0056.png,True,/disk1/zlab/cross_dataset_assets/processed/tum_rgbd/freiburg1_room/images/0056.png,"[3, 4]",1.8494412129072932,1.849441171942186,0.9999999778500084,4.601219155136376e-08
train,46,/disk1/zlab/cross_dataset_assets/processed/tum_rgbd/freiburg1_room/images/0057.png,True,/disk1/zlab/cross_dataset_assets/processed/tum_rgbd/freiburg1_room/images/0057.png,"[3, 4]",1.884854095149012,1.8848540565623304,0.9999999795280273,4.687115230997251e-08
train,47,/disk1/zlab/cross_dataset_assets/processed/tum_rgbd/freiburg1_room/images/0058.png,True,/disk1/zlab/cross_dataset_assets/processed/tum_rgbd/freiburg1_room/images/0058.png,"[3, 4]",1.9511441002652776,1.9511440881841526,0.9999999938081842,1.5140612192706423e-08
train,48,/disk1/zlab/cross_dataset_assets/processed/tum_rgbd/freiburg1_room/images/0060.png,True,/disk1/zlab/cross_dataset_assets/processed/tum_rgbd/freiburg1_room/images/0060.png,"[3, 4]",2.0473201728112778,2.047320131053142,0.9999999796035148,4.3286730686570876e-08
train,49,/disk1/zlab/cross_dataset_assets/processed/tum_rgbd/freiburg1_room/images/0061.png,True,/disk1/zlab/cross_dataset_assets/processed/tum_rgbd/freiburg1_room/images/0061.png,"[3, 4]",2.0567467077887835,2.0567466787016757,0.9999999858577103,4.329571283095672e-08
train,50,/disk1/zlab/cross_dataset_assets/processed/tum_rgbd/freiburg1_room/images/0062.png,True,/disk1/zlab/cross_dataset_assets/processed/tum_rgbd/freiburg1_room/images/0062.png,"[3, 4]",2.0464553378952592,2.0464553340292118,0.9999999981108566,3.932638393357282e-08
train,51,/disk1/zlab/cross_dataset_assets/processed/tum_rgbd/freiburg1_room/images/0063.png,True,/disk1/zlab/cross_dataset_assets/processed/tum_rgbd/freiburg1_room/images/0063.png,"[3, 4]",2.0289965278432587,2.0289965737216535,1.0000000226113719,4.81822713006256e-08
train,52,/disk1/zlab/cross_dataset_assets/processed/tum_rgbd/freiburg1_room/images/0065.png,True,/disk1/zlab/cross_dataset_assets/processed/tum_rgbd/freiburg1_room/images/0065.png,"[3, 4]",2.0228079617205386,2.022807940949964,0.9999999897318109,5.430388119550884e-08
train,53,/disk1/zlab/cross_dataset_assets/processed/tum_rgbd/freiburg1_room/images/0066.png,True,/disk1/zlab/cross_dataset_assets/processed/tum_rgbd/freiburg1_room/images/0066.png,"[3, 4]",2.035725966332404,2.0357259226448865,0.9999999785395882,5.34224484395264e-08
train,54,/disk1/zlab/cross_dataset_assets/processed/tum_rgbd/freiburg1_room/images/0067.png,True,/disk1/zlab/cross_dataset_assets/processed/tum_rgbd/freiburg1_room/images/0067.png,"[3, 4]",2.0605914199569018,2.0605913904092352,0.9999999856605893,3.918850151462152e-08
train,55,/disk1/zlab/cross_dataset_assets/processed/tum_rgbd/freiburg1_room/images/0068.png,True,/disk1/zlab/cross_dataset_assets/processed/tum_rgbd/freiburg1_room/images/0068.png,"[3, 4]",2.095627066059226,2.095627072276596,1.0000000029668303,7.011290083994735e-09
train,56,/disk1/zlab/cross_dataset_assets/processed/tum_rgbd/freiburg1_room/images/0070.png,True,/disk1/zlab/cross_dataset_assets/processed/tum_rgbd/freiburg1_room/images/0070.png,"[3, 4]",2.1554298364827376,2.1554298997987162,1.0000000293751055,6.589006187962573e-08
train,57,/disk1/zlab/cross_dataset_assets/processed/tum_rgbd/freiburg1_room/images/0071.png,True,/disk1/zlab/cross_dataset_assets/processed/tum_rgbd/freiburg1_room/images/0071.png,"[3, 4]",2.181437768995485,2.181437793254439,1.0000000111206262,4.5040191384114244e-08
train,58,/disk1/zlab/cross_dataset_assets/processed/tum_rgbd/freiburg1_room/images/0072.png,True,/disk1/zlab/cross_dataset_assets/processed/tum_rgbd/freiburg1_room/images/0072.png,"[3, 4]",2.2119152289362267,2.211915254429246,1.0000000115253147,3.918754408215427e-08
train,59,/disk1/zlab/cross_dataset_assets/processed/tum_rgbd/freiburg1_room/images/0073.png,True,/disk1/zlab/cross_dataset_assets/processed/tum_rgbd/freiburg1_room/images/0073.png,"[3, 4]",2.2275795586241136,2.2275795663613627,1.0000000034733885,6.125410858116541e-08
train,60,/disk1/zlab/cross_dataset_assets/processed/tum_rgbd/freiburg1_room/images/0075.png,True,/disk1/zlab/cross_dataset_assets/processed/tum_rgbd/freiburg1_room/images/0075.png,"[3, 4]",2.241083940864331,2.2410839377213967,0.9999999985975829,5.181295968839706e-08
train,61,/disk1/zlab/cross_dataset_assets/processed/tum_rgbd/freiburg1_room/images/0076.png,True,/disk1/zlab/cross_dataset_assets/processed/tum_rgbd/freiburg1_room/images/0076.png,"[3, 4]",2.237917304102187,2.237917293001843,0.9999999950398776,4.464591458177106e-08
train,62,/disk1/zlab/cross_dataset_assets/processed/tum_rgbd/freiburg1_room/images/0077.png,True,/disk1/zlab/cross_dataset_assets/processed/tum_rgbd/freiburg1_room/images/0077.png,"[3, 4]",2.227631273348442,2.2276312352624372,0.9999999829029135,5.110920301573623e-08
train,63,/disk1/zlab/cross_dataset_assets/processed/tum_rgbd/freiburg1_room/images/0078.png,True,/disk1/zlab/cross_dataset_assets/processed/tum_rgbd/freiburg1_room/images/0078.png,"[3, 4]",2.2151303731383396,2.215130374848472,1.0000000007720233,1.82341431284534e-08
train,64,/disk1/zlab/cross_dataset_assets/processed/tum_rgbd/freiburg1_room/images/0080.png,True,/disk1/zlab/cross_dataset_assets/processed/tum_rgbd/freiburg1_room/images/0080.png,"[3, 4]",2.2115504809974382,2.211550480447507,0.9999999997513368,4.4744301208337614e-08
train,65,/disk1/zlab/cross_dataset_assets/processed/tum_rgbd/freiburg1_room/images/0081.png,True,/disk1/zlab/cross_dataset_assets/processed/tum_rgbd/freiburg1_room/images/0081.png,"[3, 4]",2.214182713779511,2.214182725852105,1.0000000054523928,4.329607877127232e-08
train,66,/disk1/zlab/cross_dataset_assets/processed/tum_rgbd/freiburg1_room/images/0082.png,True,/disk1/zlab/cross_dataset_assets/processed/tum_rgbd/freiburg1_room/images/0082.png,"[3, 4]",2.216521833864941,2.2165218402275664,1.000000002870545,4.051758029685387e-08
train,67,/disk1/zlab/cross_dataset_assets/processed/tum_rgbd/freiburg1_room/images/0083.png,True,/disk1/zlab/cross_dataset_assets/processed/tum_rgbd/freiburg1_room/images/0083.png,"[3, 4]",2.2136633009561324,2.2136633425862295,1.0000000188059752,5.1027903618309115e-08
train,68,/disk1/zlab/cross_dataset_assets/processed/tum_rgbd/freiburg1_room/images/0085.png,True,/disk1/zlab/cross_dataset_assets/processed/tum_rgbd/freiburg1_room/images/0085.png,"[3, 4]",2.20617912690697,2.2061791506450525,1.0000000107598166,2.5251487905028015e-08
train,69,/disk1/zlab/cross_dataset_assets/processed/tum_rgbd/freiburg1_room/images/0086.png,True,/disk1/zlab/cross_dataset_assets/processed/tum_rgbd/freiburg1_room/images/0086.png,"[3, 4]",2.1931791217317387,2.1931791085886276,0.9999999940072788,3.159253994545766e-08
train,70,/disk1/zlab/cross_dataset_assets/processed/tum_rgbd/freiburg1_room/images/0087.png,True,/disk1/zlab/cross_dataset_assets/processed/tum_rgbd/freiburg1_room/images/0087.png,"[3, 4]",2.164600438880118,2.1646004659934532,1.0000000125257922,3.600827837372918e-08
train,71,/disk1/zlab/cross_dataset_assets/processed/tum_rgbd/freiburg1_room/images/0088.png,True,/disk1/zlab/cross_dataset_assets/processed/tum_rgbd/freiburg1_room/images/0088.png,"[3, 4]",2.137243937878875,2.137243927234751,0.9999999950196964,3.574005030573664e-08
train,72,/disk1/zlab/cross_dataset_assets/processed/tum_rgbd/freiburg1_room/images/0090.png,True,/disk1/zlab/cross_dataset_assets/processed/tum_rgbd/freiburg1_room/images/0090.png,"[3, 4]",2.089551504509999,2.0895515132547695,1.0000000041849988,2.3678986187326692e-08
train,73,/disk1/zlab/cross_dataset_assets/processed/tum_rgbd/freiburg1_room/images/0091.png,True,/disk1/zlab/cross_dataset_assets/processed/tum_rgbd/freiburg1_room/images/0091.png,"[3, 4]",2.070164524862698,2.0701645719235753,1.0000000227329167,4.708921454473776e-08
train,74,/disk1/zlab/cross_dataset_assets/processed/tum_rgbd/freiburg1_room/images/0092.png,True,/disk1/zlab/cross_dataset_assets/processed/tum_rgbd/freiburg1_room/images/0092.png,"[3, 4]",2.051947175245991,2.0519471269014473,0.9999999764396744,5.134343418647075e-08
train,75,/disk1/zlab/cross_dataset_assets/processed/tum_rgbd/freiburg1_room/images/0093.png,True,/disk1/zlab/cross_dataset_assets/processed/tum_rgbd/freiburg1_room/images/0093.png,"[3, 4]",2.0313770157211093,2.031376988739469,0.9999999867175614,3.912773585248333e-08
train,76,/disk1/zlab/cross_dataset_assets/processed/tum_rgbd/freiburg1_room/images/0095.png,True,/disk1/zlab/cross_dataset_assets/processed/tum_rgbd/freiburg1_room/images/0095.png,"[3, 4]",1.9755998279003772,1.975599810664452,0.9999999912755989,4.564077853013865e-08
train,77,/disk1/zlab/cross_dataset_assets/processed/tum_rgbd/freiburg1_room/images/0096.png,True,/disk1/zlab/cross_dataset_assets/processed/tum_rgbd/freiburg1_room/images/0096.png,"[3, 4]",1.9455451189833661,1.9455451257757805,1.0000000034912655,4.063435388432222e-08
train,78,/disk1/zlab/cross_dataset_assets/processed/tum_rgbd/freiburg1_room/images/0097.png,True,/disk1/zlab/cross_dataset_assets/processed/tum_rgbd/freiburg1_room/images/0097.png,"[3, 4]",1.9115366959595623,1.9115366699074348,0.9999999863711078,6.835294348146647e-08
train,79,/disk1/zlab/cross_dataset_assets/processed/tum_rgbd/freiburg1_room/images/0098.png,True,/disk1/zlab/cross_dataset_assets/processed/tum_rgbd/freiburg1_room/images/0098.png,"[3, 4]",1.8988903496516063,1.8988903730676359,1.0000000123314279,4.999321084247432e-08
train,80,/disk1/zlab/cross_dataset_assets/processed/tum_rgbd/freiburg1_room/images/0100.png,True,/disk1/zlab/cross_dataset_assets/processed/tum_rgbd/freiburg1_room/images/0100.png,"[3, 4]",1.8826985180851445,1.8826985132881064,0.9999999974520413,1.878575003555486e-08
train,81,/disk1/zlab/cross_dataset_assets/processed/tum_rgbd/freiburg1_room/images/0101.png,True,/disk1/zlab/cross_dataset_assets/processed/tum_rgbd/freiburg1_room/images/0101.png,"[3, 4]",1.8759020603432366,1.875902075608204,1.0000000081374012,4.631561818595217e-08
train,82,/disk1/zlab/cross_dataset_assets/processed/tum_rgbd/freiburg1_room/images/0102.png,True,/disk1/zlab/cross_dataset_assets/processed/tum_rgbd/freiburg1_room/images/0102.png,"[3, 4]",1.8734446909369915,1.8734447324978745,1.000000022184206,5.2269792287237175e-08
train,83,/disk1/zlab/cross_dataset_assets/processed/tum_rgbd/freiburg1_room/images/0103.png,True,/disk1/zlab/cross_dataset_assets/processed/tum_rgbd/freiburg1_room/images/0103.png,"[3, 4]",1.8777295092744322,1.8777295191819812,1.0000000052763451,1.3641543532592715e-08
train,84,/disk1/zlab/cross_dataset_assets/processed/tum_rgbd/freiburg1_room/images/0105.png,True,/disk1/zlab/cross_dataset_assets/processed/tum_rgbd/freiburg1_room/images/0105.png,"[3, 4]",1.8896846350648036,1.8896846201983022,0.9999999921328135,3.019674603807194e-08
train,85,/disk1/zlab/cross_dataset_assets/processed/tum_rgbd/freiburg1_room/images/0106.png,True,/disk1/zlab/cross_dataset_assets/processed/tum_rgbd/freiburg1_room/images/0106.png,"[3, 4]",1.8862069372155326,1.8862069537134716,1.0000000087466219,3.3977583716532796e-08
train,86,/disk1/zlab/cross_dataset_assets/processed/tum_rgbd/freiburg1_room/images/0107.png,True,/disk1/zlab/cross_dataset_assets/processed/tum_rgbd/freiburg1_room/images/0107.png,"[3, 4]",1.8725785137077697,1.8725785108560136,0.9999999984770966,1.919327306003216e-08
train,87,/disk1/zlab/cross_dataset_assets/processed/tum_rgbd/freiburg1_room/images/0108.png,True,/disk1/zlab/cross_dataset_assets/processed/tum_rgbd/freiburg1_room/images/0108.png,"[3, 4]",1.847555625684921,1.8475556152749362,0.9999999943655364,2.8773319902050723e-08
train,88,/disk1/zlab/cross_dataset_assets/processed/tum_rgbd/freiburg1_room/images/0110.png,True,/disk1/zlab/cross_dataset_assets/processed/tum_rgbd/freiburg1_room/images/0110.png,"[3, 4]",1.805826511600713,1.8058265386875125,1.0000000149996688,3.468661771037959e-08
train,89,/disk1/zlab/cross_dataset_assets/processed/tum_rgbd/freiburg1_room/images/0111.png,True,/disk1/zlab/cross_dataset_assets/processed/tum_rgbd/freiburg1_room/images/0111.png,"[3, 4]",1.7913445034386881,1.7913444690244387,0.9999999807885924,5.4427405634059445e-08
train,90,/disk1/zlab/cross_dataset_assets/processed/tum_rgbd/freiburg1_room/images/0112.png,True,/disk1/zlab/cross_dataset_assets/processed/tum_rgbd/freiburg1_room/images/0112.png,"[3, 4]",1.780288358665528,1.780288377949053,1.0000000108316862,3.642598973617424e-08
train,91,/disk1/zlab/cross_dataset_assets/processed/tum_rgbd/freiburg1_room/images/0113.png,True,/disk1/zlab/cross_dataset_assets/processed/tum_rgbd/freiburg1_room/images/0113.png,"[3, 4]",1.7842281412420329,1.784228160950042,1.000000011045678,4.230499703834533e-08
train,92,/disk1/zlab/cross_dataset_assets/processed/tum_rgbd/freiburg1_room/images/0115.png,True,/disk1/zlab/cross_dataset_assets/processed/tum_rgbd/freiburg1_room/images/0115.png,"[3, 4]",1.8180057425651879,1.8180057739852589,1.0000000172827128,6.180059747381388e-08
train,93,/disk1/zlab/cross_dataset_assets/processed/tum_rgbd/freiburg1_room/images/0116.png,True,/disk1/zlab/cross_dataset_assets/processed/tum_rgbd/freiburg1_room/images/0116.png,"[3, 4]",1.8402337297202223,1.8402337613339157,1.000000017179173,4.929841334285804e-08
train,94,/disk1/zlab/cross_dataset_assets/processed/tum_rgbd/freiburg1_room/images/0117.png,True,/disk1/zlab/cross_dataset_assets/processed/tum_rgbd/freiburg1_room/images/0117.png,"[3, 4]",1.861790345339668,1.8617903218984904,0.9999999874093355,5.129526832442363e-08
train,95,/disk1/zlab/cross_dataset_assets/processed/tum_rgbd/freiburg1_room/images/0118.png,True,/disk1/zlab/cross_dataset_assets/processed/tum_rgbd/freiburg1_room/images/0118.png,"[3, 4]",1.8819193686234275,1.8819193492463322,0.9999999897035465,2.9270345153629804e-08
train,96,/disk1/zlab/cross_dataset_assets/processed/tum_rgbd/freiburg1_room/images/0120.png,True,/disk1/zlab/cross_dataset_assets/processed/tum_rgbd/freiburg1_room/images/0120.png,"[3, 4]",1.9366552093751743,1.9366551342785898,0.9999999612235652,7.849527559913181e-08
train,97,/disk1/zlab/cross_dataset_assets/processed/tum_rgbd/freiburg1_room/images/0121.png,True,/disk1/zlab/cross_dataset_assets/processed/tum_rgbd/freiburg1_room/images/0121.png,"[3, 4]",1.9698037288014256,1.9698036882364638,0.9999999794065971,6.278140234409248e-08
train,98,/disk1/zlab/cross_dataset_assets/processed/tum_rgbd/freiburg1_room/images/0122.png,True,/disk1/zlab/cross_dataset_assets/processed/tum_rgbd/freiburg1_room/images/0122.png,"[3, 4]",2.001086557348282,2.0010865765987504,1.000000009620008,3.040426796547216e-08
train,99,/disk1/zlab/cross_dataset_assets/processed/tum_rgbd/freiburg1_room/images/0123.png,True,/disk1/zlab/cross_dataset_assets/processed/tum_rgbd/freiburg1_room/images/0123.png,"[3, 4]",2.0296682241194004,2.0296682361019047,1.0000000059036764,5.844397582591076e-08
train,100,/disk1/zlab/cross_dataset_assets/processed/tum_rgbd/freiburg1_room/images/0125.png,True,/disk1/zlab/cross_dataset_assets/processed/tum_rgbd/freiburg1_room/images/0125.png,"[3, 4]",2.0533305359829432,2.053330527905865,0.9999999960663527,2.376620681575765e-08
train,101,/disk1/zlab/cross_dataset_assets/processed/tum_rgbd/freiburg1_room/images/0126.png,True,/disk1/zlab/cross_dataset_assets/processed/tum_rgbd/freiburg1_room/images/0126.png,"[3, 4]",2.057761521654052,2.0577615227844217,1.00000000054932,3.3320376171140556e-08
train,102,/disk1/zlab/cross_dataset_assets/processed/tum_rgbd/freiburg1_room/images/0127.png,True,/disk1/zlab/cross_dataset_assets/processed/tum_rgbd/freiburg1_room/images/0127.png,"[3, 4]",2.0546034094199297,2.0546034031059355,0.9999999969269037,3.477212170110343e-08
train,103,/disk1/zlab/cross_dataset_assets/processed/tum_rgbd/freiburg1_room/images/0128.png,True,/disk1/zlab/cross_dataset_assets/processed/tum_rgbd/freiburg1_room/images/0128.png,"[3, 4]",2.0372659644729745,2.03726590267791,0.9999999696676498,6.569535576791393e-08
train,104,/disk1/zlab/cross_dataset_assets/processed/tum_rgbd/freiburg1_room/images/0130.png,True,/disk1/zlab/cross_dataset_assets/processed/tum_rgbd/freiburg1_room/images/0130.png,"[3, 4]",1.9882843710093383,1.9882843469123659,0.9999999878805201,5.077355248575518e-08
train,105,/disk1/zlab/cross_dataset_assets/processed/tum_rgbd/freiburg1_room/images/0131.png,True,/disk1/zlab/cross_dataset_assets/processed/tum_rgbd/freiburg1_room/images/0131.png,"[3, 4]",1.9613758895224547,1.9613759232221915,1.000000017181682,5.1355871001910247e-08
train,106,/disk1/zlab/cross_dataset_assets/processed/tum_rgbd/freiburg1_room/images/0132.png,True,/disk1/zlab/cross_dataset_assets/processed/tum_rgbd/freiburg1_room/images/0132.png,"[3, 4]",1.9165842350389926,1.916584261823111,1.0000000139749237,4.0245508010817204e-08
train,107,/disk1/zlab/cross_dataset_assets/processed/tum_rgbd/freiburg1_room/images/0133.png,True,/disk1/zlab/cross_dataset_assets/processed/tum_rgbd/freiburg1_room/images/0133.png,"[3, 4]",1.8824376244646197,1.882437660105276,1.0000000189332467,3.5799770254777004e-08
train,108,/disk1/zlab/cross_dataset_assets/processed/tum_rgbd/freiburg1_room/images/0135.png,True,/disk1/zlab/cross_dataset_assets/processed/tum_rgbd/freiburg1_room/images/0135.png,"[3, 4]",1.8172721590339735,1.8172721733353192,1.0000000078696774,2.0355976689727665e-08
train,109,/disk1/zlab/cross_dataset_assets/processed/tum_rgbd/freiburg1_room/images/0136.png,True,/disk1/zlab/cross_dataset_assets/processed/tum_rgbd/freiburg1_room/images/0136.png,"[3, 4]",1.7940501052088818,1.7940501066584744,1.0000000008080001,2.8792910630485477e-08
train,110,/disk1/zlab/cross_dataset_assets/processed/tum_rgbd/freiburg1_room/images/0137.png,True,/disk1/zlab/cross_dataset_assets/processed/tum_rgbd/freiburg1_room/images/0137.png,"[3, 4]",1.7877473143596105,1.7877473421703958,1.000000015556329,3.411249176064905e-08
train,111,/disk1/zlab/cross_dataset_assets/processed/tum_rgbd/freiburg1_room/images/0138.png,True,/disk1/zlab/cross_dataset_assets/processed/tum_rgbd/freiburg1_room/images/0138.png,"[3, 4]",1.7931468930347005,1.7931468453905086,0.9999999734298444,4.788860175332608e-08
train,112,/disk1/zlab/cross_dataset_assets/processed/tum_rgbd/freiburg1_room/images/0140.png,True,/disk1/zlab/cross_dataset_assets/processed/tum_rgbd/freiburg1_room/images/0140.png,"[3, 4]",1.802218316408975,1.8022183037934452,0.9999999929999992,3.056760501824546e-08
train,113,/disk1/zlab/cross_dataset_assets/processed/tum_rgbd/freiburg1_room/images/0141.png,True,/disk1/zlab/cross_dataset_assets/processed/tum_rgbd/freiburg1_room/images/0141.png,"[3, 4]",1.8171575330719127,1.8171575198634615,0.999999992731257,1.6662030358921245e-08
train,114,/disk1/zlab/cross_dataset_assets/processed/tum_rgbd/freiburg1_room/images/0142.png,True,/disk1/zlab/cross_dataset_assets/processed/tum_rgbd/freiburg1_room/images/0142.png,"[3, 4]",1.8403306740909362,1.8403307257336203,1.000000028061633,5.170322244565196e-08
train,115,/disk1/zlab/cross_dataset_assets/processed/tum_rgbd/freiburg1_room/images/0143.png,True,/disk1/zlab/cross_dataset_assets/processed/tum_rgbd/freiburg1_room/images/0143.png,"[3, 4]",1.878383275585683,1.8783832785007122,1.000000001551882,5.998095936689503e-08
train,116,/disk1/zlab/cross_dataset_assets/processed/tum_rgbd/freiburg1_room/images/0145.png,True,/disk1/zlab/cross_dataset_assets/processed/tum_rgbd/freiburg1_room/images/0145.png,"[3, 4]",1.9565271631132546,1.956527146678728,0.9999999916001541,3.811167042388546e-08
train,117,/disk1/zlab/cross_dataset_assets/processed/tum_rgbd/freiburg1_room/images/0146.png,True,/disk1/zlab/cross_dataset_assets/processed/tum_rgbd/freiburg1_room/images/0146.png,"[3, 4]",2.0015032050936115,2.001503243818931,1.0000000193481176,5.0403559759942635e-08
train,118,/disk1/zlab/cross_dataset_assets/processed/tum_rgbd/freiburg1_room/images/0147.png,True,/disk1/zlab/cross_dataset_assets/processed/tum_rgbd/freiburg1_room/images/0147.png,"[3, 4]",2.0334758862597804,2.033475921355187,1.0000000172588261,4.9542256320943434e-08
train,119,/disk1/zlab/cross_dataset_assets/processed/tum_rgbd/freiburg1_room/images/0148.png,True,/disk1/zlab/cross_dataset_assets/processed/tum_rgbd/freiburg1_room/images/0148.png,"[3, 4]",2.052765697784333,2.0527656511194534,0.9999999772673133,5.721855155417918e-08
train,120,/disk1/zlab/cross_dataset_assets/processed/tum_rgbd/freiburg1_room/images/0150.png,True,/disk1/zlab/cross_dataset_assets/processed/tum_rgbd/freiburg1_room/images/0150.png,"[3, 4]",2.0437486293573386,2.0437486375744776,1.0000000040206212,2.5410723266313812e-08
train,121,/disk1/zlab/cross_dataset_assets/processed/tum_rgbd/freiburg1_room/images/0151.png,True,/disk1/zlab/cross_dataset_assets/processed/tum_rgbd/freiburg1_room/images/0151.png,"[3, 4]",2.0266324901175348,2.026632511665919,1.000000010632606,5.9043146789834415e-08
train,122,/disk1/zlab/cross_dataset_assets/processed/tum_rgbd/freiburg1_room/images/0152.png,True,/disk1/zlab/cross_dataset_assets/processed/tum_rgbd/freiburg1_room/images/0152.png,"[3, 4]",1.9955745688898723,1.9955745132934735,0.9999999721401547,6.058354479255826e-08
train,123,/disk1/zlab/cross_dataset_assets/processed/tum_rgbd/freiburg1_room/images/0153.png,True,/disk1/zlab/cross_dataset_assets/processed/tum_rgbd/freiburg1_room/images/0153.png,"[3, 4]",1.9611193589376452,1.9611193663768538,1.0000000037933483,1.3575713889582188e-08
train,124,/disk1/zlab/cross_dataset_assets/processed/tum_rgbd/freiburg1_room/images/0155.png,True,/disk1/zlab/cross_dataset_assets/processed/tum_rgbd/freiburg1_room/images/0155.png,"[3, 4]",1.8613312064218985,1.861331254191476,1.0000000256642005,5.59373684946968e-08
train,125,/disk1/zlab/cross_dataset_assets/processed/tum_rgbd/freiburg1_room/images/0156.png,True,/disk1/zlab/cross_dataset_assets/processed/tum_rgbd/freiburg1_room/images/0156.png,"[3, 4]",1.8209771909609411,1.8209772268576299,1.0000000197128711,6.172181363323357e-08
train,126,/disk1/zlab/cross_dataset_assets/processed/tum_rgbd/freiburg1_room/images/0157.png,True,/disk1/zlab/cross_dataset_assets/processed/tum_rgbd/freiburg1_room/images/0157.png,"[3, 4]",1.7791666644808743,1.7791666399280615,0.9999999861998241,6.24603530514147e-08
train,127,/disk1/zlab/cross_dataset_assets/processed/tum_rgbd/freiburg1_room/images/0158.png,True,/disk1/zlab/cross_dataset_assets/processed/tum_rgbd/freiburg1_room/images/0158.png,"[3, 4]",1.7468816788781087,1.7468816192882068,0.9999999658878431,6.02541817894624e-08
train,128,/disk1/zlab/cross_dataset_assets/processed/tum_rgbd/freiburg1_room/images/0160.png,True,/disk1/zlab/cross_dataset_assets/processed/tum_rgbd/freiburg1_room/images/0160.png,"[3, 4]",1.6889024897844163,1.6889024568348054,0.9999999804905191,3.39643313012604e-08
train,129,/disk1/zlab/cross_dataset_assets/processed/tum_rgbd/freiburg1_room/images/0161.png,True,/disk1/zlab/cross_dataset_assets/processed/tum_rgbd/freiburg1_room/images/0161.png,"[3, 4]",1.676216579085173,1.6762165672377445,0.9999999929320419,1.3943553448544647e-08
train,130,/disk1/zlab/cross_dataset_assets/processed/tum_rgbd/freiburg1_room/images/0162.png,True,/disk1/zlab/cross_dataset_assets/processed/tum_rgbd/freiburg1_room/images/0162.png,"[3, 4]",1.6730189299586542,1.6730189680608245,1.0000000227745005,6.137759282137904e-08
train,131,/disk1/zlab/cross_dataset_assets/processed/tum_rgbd/freiburg1_room/images/0163.png,True,/disk1/zlab/cross_dataset_assets/processed/tum_rgbd/freiburg1_room/images/0163.png,"[3, 4]",1.678945159914403,1.6789452047585258,1.000000026709701,4.520506799542497e-08
train,132,/disk1/zlab/cross_dataset_assets/processed/tum_rgbd/freiburg1_room/images/0165.png,True,/disk1/zlab/cross_dataset_assets/processed/tum_rgbd/freiburg1_room/images/0165.png,"[3, 4]",1.7154805420056503,1.7154805771467712,1.0000000204847097,3.680602216503723e-08
train,133,/disk1/zlab/cross_dataset_assets/processed/tum_rgbd/freiburg1_room/images/0166.png,True,/disk1/zlab/cross_dataset_assets/processed/tum_rgbd/freiburg1_room/images/0166.png,"[3, 4]",1.7360888859732961,1.7360889286604335,1.000000024588106,4.418211003492599e-08
train,134,/disk1/zlab/cross_dataset_assets/processed/tum_rgbd/freiburg1_room/images/0167.png,True,/disk1/zlab/cross_dataset_assets/processed/tum_rgbd/freiburg1_room/images/0167.png,"[3, 4]",1.751994922937849,1.7519949377985227,1.000000008482144,3.9539663783160804e-08
train,135,/disk1/zlab/cross_dataset_assets/processed/tum_rgbd/freiburg1_room/images/0168.png,True,/disk1/zlab/cross_dataset_assets/processed/tum_rgbd/freiburg1_room/images/0168.png,"[3, 4]",1.7647188047958235,1.7647187534571507,0.9999999709082984,5.136558049805721e-08
train,136,/disk1/zlab/cross_dataset_assets/processed/tum_rgbd/freiburg1_room/images/0170.png,True,/disk1/zlab/cross_dataset_assets/processed/tum_rgbd/freiburg1_room/images/0170.png,"[3, 4]",1.765316977202678,1.7653169720904975,0.9999999971041006,2.4706012412207892e-08
train,137,/disk1/zlab/cross_dataset_assets/processed/tum_rgbd/freiburg1_room/images/0171.png,True,/disk1/zlab/cross_dataset_assets/processed/tum_rgbd/freiburg1_room/images/0171.png,"[3, 4]",1.7564894164212888,1.7564894503124897,1.0000000192948506,3.4049119908440074e-08
train,138,/disk1/zlab/cross_dataset_assets/processed/tum_rgbd/freiburg1_room/images/0172.png,True,/disk1/zlab/cross_dataset_assets/processed/tum_rgbd/freiburg1_room/images/0172.png,"[3, 4]",1.7326332935736863,1.732633312889057,1.0000000111479854,4.02229030376456e-08
train,139,/disk1/zlab/cross_dataset_assets/processed/tum_rgbd/freiburg1_room/images/0173.png,True,/disk1/zlab/cross_dataset_assets/processed/tum_rgbd/freiburg1_room/images/0173.png,"[3, 4]",1.7123478793749827,1.7123478520715014,0.999999984054945,3.549508198555594e-08
train,140,/disk1/zlab/cross_dataset_assets/processed/tum_rgbd/freiburg1_room/images/0175.png,True,/disk1/zlab/cross_dataset_assets/processed/tum_rgbd/freiburg1_room/images/0175.png,"[3, 4]",1.666098148369417,1.6660982043209063,1.000000033582349,5.870601353719782e-08
train,141,/disk1/zlab/cross_dataset_assets/processed/tum_rgbd/freiburg1_room/images/0176.png,True,/disk1/zlab/cross_dataset_assets/processed/tum_rgbd/freiburg1_room/images/0176.png,"[3, 4]",1.6445387833675433,1.6445387857684557,1.0000000014599306,2.3588937088296812e-08
train,142,/disk1/zlab/cross_dataset_assets/processed/tum_rgbd/freiburg1_room/images/0177.png,True,/disk1/zlab/cross_dataset_assets/processed/tum_rgbd/freiburg1_room/images/0177.png,"[3, 4]",1.6085221322692456,1.6085220801048676,0.9999999675699968,5.796082666213612e-08
train,143,/disk1/zlab/cross_dataset_assets/processed/tum_rgbd/freiburg1_room/images/0178.png,True,/disk1/zlab/cross_dataset_assets/processed/tum_rgbd/freiburg1_room/images/0178.png,"[3, 4]",1.5861024998404107,1.5861025592478115,1.000000037454957,6.095045888816559e-08
train,144,/disk1/zlab/cross_dataset_assets/processed/tum_rgbd/freiburg1_room/images/0180.png,True,/disk1/zlab/cross_dataset_assets/processed/tum_rgbd/freiburg1_room/images/0180.png,"[3, 4]",1.5564036141052873,1.5564035963592229,0.9999999885980319,2.249155496361985e-08
train,145,/disk1/zlab/cross_dataset_assets/processed/tum_rgbd/freiburg1_room/images/0181.png,True,/disk1/zlab/cross_dataset_assets/processed/tum_rgbd/freiburg1_room/images/0181.png,"[3, 4]",1.5383761471109723,1.5383761986365185,1.000000033493464,6.215674332070912e-08
train,146,/disk1/zlab/cross_dataset_assets/processed/tum_rgbd/freiburg1_room/images/0182.png,True,/disk1/zlab/cross_dataset_assets/processed/tum_rgbd/freiburg1_room/images/0182.png,"[3, 4]",1.5308110334068015,1.5308110904551095,1.0000000372667213,5.906178265975615e-08
train,147,/disk1/zlab/cross_dataset_assets/processed/tum_rgbd/freiburg1_room/images/0183.png,True,/disk1/zlab/cross_dataset_assets/processed/tum_rgbd/freiburg1_room/images/0183.png,"[3, 4]",1.5328788275659626,1.5328788034819163,0.9999999842883561,2.994977710036373e-08
train,148,/disk1/zlab/cross_dataset_assets/processed/tum_rgbd/freiburg1_room/images/0185.png,True,/disk1/zlab/cross_dataset_assets/processed/tum_rgbd/freiburg1_room/images/0185.png,"[3, 4]",1.57085126921679,1.5708512830781225,1.0000000088240897,1.4311788902972761e-08
train,149,/disk1/zlab/cross_dataset_assets/processed/tum_rgbd/freiburg1_room/images/0186.png,True,/disk1/zlab/cross_dataset_assets/processed/tum_rgbd/freiburg1_room/images/0186.png,"[3, 4]",1.5996200923969415,1.5996200801110332,0.9999999923194837,2.3222312239802225e-08
train,150,/disk1/zlab/cross_dataset_assets/processed/tum_rgbd/freiburg1_room/images/0187.png,True,/disk1/zlab/cross_dataset_assets/processed/tum_rgbd/freiburg1_room/images/0187.png,"[3, 4]",1.6230749767031714,1.6230750132320402,1.000000022505965,3.9052701193987406e-08
train,151,/disk1/zlab/cross_dataset_assets/processed/tum_rgbd/freiburg1_room/images/0188.png,True,/disk1/zlab/cross_dataset_assets/processed/tum_rgbd/freiburg1_room/images/0188.png,"[3, 4]",1.6496747982557047,1.6496747742610438,0.9999999854549145,3.0126751349448835e-08
train,152,/disk1/zlab/cross_dataset_assets/processed/tum_rgbd/freiburg1_room/images/0190.png,True,/disk1/zlab/cross_dataset_assets/processed/tum_rgbd/freiburg1_room/images/0190.png,"[3, 4]",1.6896306430696622,1.6896306377503068,0.9999999968517643,2.061508824678418e-08
train,153,/disk1/zlab/cross_dataset_assets/processed/tum_rgbd/freiburg1_room/images/0191.png,True,/disk1/zlab/cross_dataset_assets/processed/tum_rgbd/freiburg1_room/images/0191.png,"[3, 4]",1.6956888246373507,1.695688785554435,0.9999999769515991,4.472521570006341e-08
train,154,/disk1/zlab/cross_dataset_assets/processed/tum_rgbd/freiburg1_room/images/0192.png,True,/disk1/zlab/cross_dataset_assets/processed/tum_rgbd/freiburg1_room/images/0192.png,"[3, 4]",1.693473333123377,1.693473366763421,1.0000000198645254,4.1138695798633307e-08
train,155,/disk1/zlab/cross_dataset_assets/processed/tum_rgbd/freiburg1_room/images/0193.png,True,/disk1/zlab/cross_dataset_assets/processed/tum_rgbd/freiburg1_room/images/0193.png,"[3, 4]",1.6879798014194365,1.6879798094829341,1.0000000047770108,1.669263807023669e-08
train,156,/disk1/zlab/cross_dataset_assets/processed/tum_rgbd/freiburg1_room/images/0195.png,True,/disk1/zlab/cross_dataset_assets/processed/tum_rgbd/freiburg1_room/images/0195.png,"[3, 4]",1.687356361294199,1.6873563093508437,0.9999999692161321,5.5620985119251735e-08
train,157,/disk1/zlab/cross_dataset_assets/processed/tum_rgbd/freiburg1_room/images/0196.png,True,/disk1/zlab/cross_dataset_assets/processed/tum_rgbd/freiburg1_room/images/0196.png,"[3, 4]",1.677701147403792,1.6777011994514601,1.000000031023206,5.395546776580136e-08
train,158,/disk1/zlab/cross_dataset_assets/processed/tum_rgbd/freiburg1_room/images/0197.png,True,/disk1/zlab/cross_dataset_assets/processed/tum_rgbd/freiburg1_room/images/0197.png,"[3, 4]",1.6681887033546294,1.6681887578300136,1.0000000326554088,5.473344952863005e-08
train,159,/disk1/zlab/cross_dataset_assets/processed/tum_rgbd/freiburg1_room/images/0198.png,True,/disk1/zlab/cross_dataset_assets/processed/tum_rgbd/freiburg1_room/images/0198.png,"[3, 4]",1.65983941693165,1.6598394291256333,1.0000000073464839,1.650519670535502e-08
train,160,/disk1/zlab/cross_dataset_assets/processed/tum_rgbd/freiburg1_room/images/0200.png,True,/disk1/zlab/cross_dataset_assets/processed/tum_rgbd/freiburg1_room/images/0200.png,"[3, 4]",1.6265565621889697,1.6265565248432772,0.9999999770400284,4.375890326935422e-08
train,161,/disk1/zlab/cross_dataset_assets/processed/tum_rgbd/freiburg1_room/images/0201.png,True,/disk1/zlab/cross_dataset_assets/processed/tum_rgbd/freiburg1_room/images/0201.png,"[3, 4]",1.6194229774830293,1.6194229816367458,1.000000002564936,1.7542071301582397e-08
train,162,/disk1/zlab/cross_dataset_assets/processed/tum_rgbd/freiburg1_room/images/0202.png,True,/disk1/zlab/cross_dataset_assets/processed/tum_rgbd/freiburg1_room/images/0202.png,"[3, 4]",1.6241815077139623,1.6241815433077256,1.0000000219148926,4.8344848276356415e-08
train,163,/disk1/zlab/cross_dataset_assets/processed/tum_rgbd/freiburg1_room/images/0203.png,True,/disk1/zlab/cross_dataset_assets/processed/tum_rgbd/freiburg1_room/images/0203.png,"[3, 4]",1.6316776918251963,1.6316776854434105,0.9999999960888196,1.7269646439172906e-08
train,164,/disk1/zlab/cross_dataset_assets/processed/tum_rgbd/freiburg1_room/images/0205.png,True,/disk1/zlab/cross_dataset_assets/processed/tum_rgbd/freiburg1_room/images/0205.png,"[3, 4]",1.651669243523049,1.6516692476083854,1.0000000024734592,2.314097958853807e-08
train,165,/disk1/zlab/cross_dataset_assets/processed/tum_rgbd/freiburg1_room/images/0206.png,True,/disk1/zlab/cross_dataset_assets/processed/tum_rgbd/freiburg1_room/images/0206.png,"[3, 4]",1.6745949271390976,1.6745949413715127,1.0000000084990195,1.5442034781689012e-08
train,166,/disk1/zlab/cross_dataset_assets/processed/tum_rgbd/freiburg1_room/images/0207.png,True,/disk1/zlab/cross_dataset_assets/processed/tum_rgbd/freiburg1_room/images/0207.png,"[3, 4]",1.6898096164953023,1.6898096369177438,1.0000000120856465,4.094063551516169e-08
train,167,/disk1/zlab/cross_dataset_assets/processed/tum_rgbd/freiburg1_room/images/0208.png,True,/disk1/zlab/cross_dataset_assets/processed/tum_rgbd/freiburg1_room/images/0208.png,"[3, 4]",1.6947600095588757,1.694759989919553,0.9999999884117381,4.64433578917191e-08
train,168,/disk1/zlab/cross_dataset_assets/processed/tum_rgbd/freiburg1_room/images/0210.png,True,/disk1/zlab/cross_dataset_assets/processed/tum_rgbd/freiburg1_room/images/0210.png,"[3, 4]",1.7014693003401502,1.701469314596813,1.0000000083790304,3.489513087545797e-08
train,169,/disk1/zlab/cross_dataset_assets/processed/tum_rgbd/freiburg1_room/images/0211.png,True,/disk1/zlab/cross_dataset_assets/processed/tum_rgbd/freiburg1_room/images/0211.png,"[3, 4]",1.7029788254702407,1.7029788034051856,0.9999999870432593,5.084919995924963e-08
train,170,/disk1/zlab/cross_dataset_assets/processed/tum_rgbd/freiburg1_room/images/0212.png,True,/disk1/zlab/cross_dataset_assets/processed/tum_rgbd/freiburg1_room/images/0212.png,"[3, 4]",1.7040974913425582,1.7040975092843431,1.0000000105286142,2.1742101262476587e-08
train,171,/disk1/zlab/cross_dataset_assets/processed/tum_rgbd/freiburg1_room/images/0213.png,True,/disk1/zlab/cross_dataset_assets/processed/tum_rgbd/freiburg1_room/images/0213.png,"[3, 4]",1.7073563512049847,1.707356347593029,0.9999999978844746,3.676238226004092e-08
train,172,/disk1/zlab/cross_dataset_assets/processed/tum_rgbd/freiburg1_room/images/0215.png,True,/disk1/zlab/cross_dataset_assets/processed/tum_rgbd/freiburg1_room/images/0215.png,"[3, 4]",1.7230771224759498,1.7230771479854474,1.0000000148046175,5.766789026170412e-08
train,173,/disk1/zlab/cross_dataset_assets/processed/tum_rgbd/freiburg1_room/images/0216.png,True,/disk1/zlab/cross_dataset_assets/processed/tum_rgbd/freiburg1_room/images/0216.png,"[3, 4]",1.7419161546986124,1.7419161621082082,1.000000004253704,1.6286345066571388e-08
train,174,/disk1/zlab/cross_dataset_assets/processed/tum_rgbd/freiburg1_room/images/0217.png,True,/disk1/zlab/cross_dataset_assets/processed/tum_rgbd/freiburg1_room/images/0217.png,"[3, 4]",1.7676796118075244,1.7676795700844206,0.999999976396682,4.773337640575991e-08
train,175,/disk1/zlab/cross_dataset_assets/processed/tum_rgbd/freiburg1_room/images/0218.png,True,/disk1/zlab/cross_dataset_assets/processed/tum_rgbd/freiburg1_room/images/0218.png,"[3, 4]",1.7960451748216133,1.7960451381073927,0.9999999795582978,3.949432362949511e-08
train,176,/disk1/zlab/cross_dataset_assets/processed/tum_rgbd/freiburg1_room/images/0220.png,True,/disk1/zlab/cross_dataset_assets/processed/tum_rgbd/freiburg1_room/images/0220.png,"[3, 4]",1.8542522859632666,1.854252284371691,0.9999999991416618,3.7013008194233196e-08
train,177,/disk1/zlab/cross_dataset_assets/processed/tum_rgbd/freiburg1_room/images/0221.png,True,/disk1/zlab/cross_dataset_assets/processed/tum_rgbd/freiburg1_room/images/0221.png,"[3, 4]",1.8626681239555265,1.8626681349631142,1.0000000059095808,2.2739483636739314e-08
train,178,/disk1/zlab/cross_dataset_assets/processed/tum_rgbd/freiburg1_room/images/0222.png,True,/disk1/zlab/cross_dataset_assets/processed/tum_rgbd/freiburg1_room/images/0222.png,"[3, 4]",1.8606882946909726,1.8606883196236985,1.0000000133997327,3.533656120138606e-08
train,179,/disk1/zlab/cross_dataset_assets/processed/tum_rgbd/freiburg1_room/images/0223.png,True,/disk1/zlab/cross_dataset_assets/processed/tum_rgbd/freiburg1_room/images/0223.png,"[3, 4]",1.8507703612279942,1.8507703465355785,0.9999999920614594,1.6870334206129652e-08
train,180,/disk1/zlab/cross_dataset_assets/processed/tum_rgbd/freiburg1_room/images/0225.png,True,/disk1/zlab/cross_dataset_assets/processed/tum_rgbd/freiburg1_room/images/0225.png,"[3, 4]",1.8184685452324987,1.8184685160191434,0.999999983935188,6.839148206105179e-08
train,181,/disk1/zlab/cross_dataset_assets/processed/tum_rgbd/freiburg1_room/images/0226.png,True,/disk1/zlab/cross_dataset_assets/processed/tum_rgbd/freiburg1_room/images/0226.png,"[3, 4]",1.805210649758083,1.8052106442607054,0.9999999969547168,4.769792349264385e-08
train,182,/disk1/zlab/cross_dataset_assets/processed/tum_rgbd/freiburg1_room/images/0227.png,True,/disk1/zlab/cross_dataset_assets/processed/tum_rgbd/freiburg1_room/images/0227.png,"[3, 4]",1.8034795784815532,1.8034796063552467,1.0000000154555082,4.118396452154446e-08
train,183,/disk1/zlab/cross_dataset_assets/processed/tum_rgbd/freiburg1_room/images/0228.png,True,/disk1/zlab/cross_dataset_assets/processed/tum_rgbd/freiburg1_room/images/0228.png,"[3, 4]",1.7983897380712557,1.7983897492780008,1.0000000062315442,3.1495085339136715e-08
train,184,/disk1/zlab/cross_dataset_assets/processed/tum_rgbd/freiburg1_room/images/0230.png,True,/disk1/zlab/cross_dataset_assets/processed/tum_rgbd/freiburg1_room/images/0230.png,"[3, 4]",1.754417518722382,1.7544175215143931,1.0000000015914177,2.946209301636717e-08
train,185,/disk1/zlab/cross_dataset_assets/processed/tum_rgbd/freiburg1_room/images/0231.png,True,/disk1/zlab/cross_dataset_assets/processed/tum_rgbd/freiburg1_room/images/0231.png,"[3, 4]",1.71759657952617,1.717596602187496,1.0000000131936255,2.2808771763389823e-08
train,186,/disk1/zlab/cross_dataset_assets/processed/tum_rgbd/freiburg1_room/images/0232.png,True,/disk1/zlab/cross_dataset_assets/processed/tum_rgbd/freiburg1_room/images/0232.png,"[3, 4]",1.6706201782571646,1.6706201498871636,0.9999999830182819,3.5347498243427725e-08
train,187,/disk1/zlab/cross_dataset_assets/processed/tum_rgbd/freiburg1_room/images/0233.png,True,/disk1/zlab/cross_dataset_assets/processed/tum_rgbd/freiburg1_room/images/0233.png,"[3, 4]",1.629616488625468,1.6296164533085962,0.9999999783281084,5.4241353429748174e-08
train,188,/disk1/zlab/cross_dataset_assets/processed/tum_rgbd/freiburg1_room/images/0235.png,True,/disk1/zlab/cross_dataset_assets/processed/tum_rgbd/freiburg1_room/images/0235.png,"[3, 4]",1.615465846126126,1.6154658691140298,1.0000000142298915,3.7118641236336834e-08
train,189,/disk1/zlab/cross_dataset_assets/processed/tum_rgbd/freiburg1_room/images/0236.png,True,/disk1/zlab/cross_dataset_assets/processed/tum_rgbd/freiburg1_room/images/0236.png,"[3, 4]",1.6305690939055604,1.6305690918130664,0.9999999987167094,8.77098497380757e-09
train,190,/disk1/zlab/cross_dataset_assets/processed/tum_rgbd/freiburg1_room/images/0237.png,True,/disk1/zlab/cross_dataset_assets/processed/tum_rgbd/freiburg1_room/images/0237.png,"[3, 4]",1.659335978637238,1.6593359606955354,0.9999999891874203,2.4007345086548723e-08
train,191,/disk1/zlab/cross_dataset_assets/processed/tum_rgbd/freiburg1_room/images/0238.png,True,/disk1/zlab/cross_dataset_assets/processed/tum_rgbd/freiburg1_room/images/0238.png,"[3, 4]",1.6858642501696275,1.6858642448399979,0.9999999968386365,7.009597567133661e-09
train,192,/disk1/zlab/cross_dataset_assets/processed/tum_rgbd/freiburg1_room/images/0240.png,True,/disk1/zlab/cross_dataset_assets/processed/tum_rgbd/freiburg1_room/images/0240.png,"[3, 4]",1.7206201963245695,1.7206201579615448,0.9999999777039553,5.482694824607137e-08
train,193,/disk1/zlab/cross_dataset_assets/processed/tum_rgbd/freiburg1_room/images/0241.png,True,/disk1/zlab/cross_dataset_assets/processed/tum_rgbd/freiburg1_room/images/0241.png,"[3, 4]",1.6992090542367058,1.6992090138538425,0.9999999762343172,4.149634783400717e-08
train,194,/disk1/zlab/cross_dataset_assets/processed/tum_rgbd/freiburg1_room/images/0242.png,True,/disk1/zlab/cross_dataset_assets/processed/tum_rgbd/freiburg1_room/images/0242.png,"[3, 4]",1.6659153069709156,1.665915310737972,1.0000000022612532,2.6227354994102405e-08
train,195,/disk1/zlab/cross_dataset_assets/processed/tum_rgbd/freiburg1_room/images/0243.png,True,/disk1/zlab/cross_dataset_assets/processed/tum_rgbd/freiburg1_room/images/0243.png,"[3, 4]",1.6436549333725738,1.6436548947778022,0.999999976518933,3.87801506568037e-08
train,196,/disk1/zlab/cross_dataset_assets/processed/tum_rgbd/freiburg1_room/images/0245.png,True,/disk1/zlab/cross_dataset_assets/processed/tum_rgbd/freiburg1_room/images/0245.png,"[3, 4]",1.600121161037501,1.6001211558426167,0.9999999967534432,2.7743441487824582e-08
train,197,/disk1/zlab/cross_dataset_assets/processed/tum_rgbd/freiburg1_room/images/0246.png,True,/disk1/zlab/cross_dataset_assets/processed/tum_rgbd/freiburg1_room/images/0246.png,"[3, 4]",1.5769977964474142,1.5769977389928105,0.9999999635670995,5.820431871698576e-08
train,198,/disk1/zlab/cross_dataset_assets/processed/tum_rgbd/freiburg1_room/images/0247.png,True,/disk1/zlab/cross_dataset_assets/processed/tum_rgbd/freiburg1_room/images/0247.png,"[3, 4]",1.5554188278402703,1.5554188010081704,0.9999999827492767,3.27386823623057e-08
train,199,/disk1/zlab/cross_dataset_assets/processed/tum_rgbd/freiburg1_room/images/0248.png,True,/disk1/zlab/cross_dataset_assets/processed/tum_rgbd/freiburg1_room/images/0248.png,"[3, 4]",1.5151448709611894,1.515144828782458,0.9999999721619152,4.4323212899545444e-08
train,200,/disk1/zlab/cross_dataset_assets/processed/tum_rgbd/freiburg1_room/images/0250.png,True,/disk1/zlab/cross_dataset_assets/processed/tum_rgbd/freiburg1_room/images/0250.png,"[3, 4]",1.4616890982695327,1.4616890642809584,0.9999999767470562,3.4030709008066604e-08
train,201,/disk1/zlab/cross_dataset_assets/processed/tum_rgbd/freiburg1_room/images/0251.png,True,/disk1/zlab/cross_dataset_assets/processed/tum_rgbd/freiburg1_room/images/0251.png,"[3, 4]",1.4395587692067315,1.4395587956453038,1.0000000183657471,3.044620197114391e-08
train,202,/disk1/zlab/cross_dataset_assets/processed/tum_rgbd/freiburg1_room/images/0252.png,True,/disk1/zlab/cross_dataset_assets/processed/tum_rgbd/freiburg1_room/images/0252.png,"[3, 4]",1.4109438720232639,1.4109439205659116,1.000000034404379,4.854344474223147e-08
train,203,/disk1/zlab/cross_dataset_assets/processed/tum_rgbd/freiburg1_room/images/0253.png,True,/disk1/zlab/cross_dataset_assets/processed/tum_rgbd/freiburg1_room/images/0253.png,"[3, 4]",1.3726672757809883,1.372667268992979,0.9999999950548765,1.541217530666434e-08
train,204,/disk1/zlab/cross_dataset_assets/processed/tum_rgbd/freiburg1_room/images/0255.png,True,/disk1/zlab/cross_dataset_assets/processed/tum_rgbd/freiburg1_room/images/0255.png,"[3, 4]",1.3572402108691002,1.3572402112053288,1.0000000002477296,1.173310126780742e-08
train,205,/disk1/zlab/cross_dataset_assets/processed/tum_rgbd/freiburg1_room/images/0256.png,True,/disk1/zlab/cross_dataset_assets/processed/tum_rgbd/freiburg1_room/images/0256.png,"[3, 4]",1.387193764403517,1.387193768844554,1.000000003201454,9.646057426839087e-09
train,206,/disk1/zlab/cross_dataset_assets/processed/tum_rgbd/freiburg1_room/images/0257.png,True,/disk1/zlab/cross_dataset_assets/processed/tum_rgbd/freiburg1_room/images/0257.png,"[3, 4]",1.432778283615438,1.4327783043762998,1.0000000144899335,2.1053872472998742e-08
train,207,/disk1/zlab/cross_dataset_assets/processed/tum_rgbd/freiburg1_room/images/0258.png,True,/disk1/zlab/cross_dataset_assets/processed/tum_rgbd/freiburg1_room/images/0258.png,"[3, 4]",1.4754711925347779,1.4754711907503673,0.9999999987906164,1.5679243991297113e-08
train,208,/disk1/zlab/cross_dataset_assets/processed/tum_rgbd/freiburg1_room/images/0260.png,True,/disk1/zlab/cross_dataset_assets/processed/tum_rgbd/freiburg1_room/images/0260.png,"[3, 4]",1.5658747619142472,1.5658748104215272,1.000000030977752,5.315628700731423e-08
train,209,/disk1/zlab/cross_dataset_assets/processed/tum_rgbd/freiburg1_room/images/0261.png,True,/disk1/zlab/cross_dataset_assets/processed/tum_rgbd/freiburg1_room/images/0261.png,"[3, 4]",1.6090655859846112,1.60906554862284,0.9999999767804547,3.900309359272899e-08
train,210,/disk1/zlab/cross_dataset_assets/processed/tum_rgbd/freiburg1_room/images/0262.png,True,/disk1/zlab/cross_dataset_assets/processed/tum_rgbd/freiburg1_room/images/0262.png,"[3, 4]",1.6365021967599067,1.6365022047946296,1.0000000049096927,1.1414350094463127e-08
train,211,/disk1/zlab/cross_dataset_assets/processed/tum_rgbd/freiburg1_room/images/0263.png,True,/disk1/zlab/cross_dataset_assets/processed/tum_rgbd/freiburg1_room/images/0263.png,"[3, 4]",1.6318514699567483,1.6318514797534545,1.00000000600343,2.1657765811067586e-08
train,212,/disk1/zlab/cross_dataset_assets/processed/tum_rgbd/freiburg1_room/images/0265.png,True,/disk1/zlab/cross_dataset_assets/processed/tum_rgbd/freiburg1_room/images/0265.png,"[3, 4]",1.5734467261397824,1.57344668900926,0.9999999764017924,3.8235234350101176e-08
train,213,/disk1/zlab/cross_dataset_assets/processed/tum_rgbd/freiburg1_room/images/0266.png,True,/disk1/zlab/cross_dataset_assets/processed/tum_rgbd/freiburg1_room/images/0266.png,"[3, 4]",1.5561350487666552,1.5561351070585145,1.0000000374593834,5.9548776100505026e-08
train,214,/disk1/zlab/cross_dataset_assets/processed/tum_rgbd/freiburg1_room/images/0267.png,True,/disk1/zlab/cross_dataset_assets/processed/tum_rgbd/freiburg1_room/images/0267.png,"[3, 4]",1.5516240975184679,1.5516240902852194,0.9999999953382727,1.8029300563013726e-08
train,215,/disk1/zlab/cross_dataset_assets/processed/tum_rgbd/freiburg1_room/images/0268.png,True,/disk1/zlab/cross_dataset_assets/processed/tum_rgbd/freiburg1_room/images/0268.png,"[3, 4]",1.554805984681047,1.5548060257222829,1.0000000263963713,4.56939640494145e-08
train,216,/disk1/zlab/cross_dataset_assets/processed/tum_rgbd/freiburg1_room/images/0270.png,True,/disk1/zlab/cross_dataset_assets/processed/tum_rgbd/freiburg1_room/images/0270.png,"[3, 4]",1.572788116689594,1.572788102212341,0.9999999907951663,2.4803967169322506e-08
train,217,/disk1/zlab/cross_dataset_assets/processed/tum_rgbd/freiburg1_room/images/0271.png,True,/disk1/zlab/cross_dataset_assets/processed/tum_rgbd/freiburg1_room/images/0271.png,"[3, 4]",1.5811999841892233,1.5811999444435991,0.9999999748636323,5.62518764188035e-08
train,218,/disk1/zlab/cross_dataset_assets/processed/tum_rgbd/freiburg1_room/images/0272.png,True,/disk1/zlab/cross_dataset_assets/processed/tum_rgbd/freiburg1_room/images/0272.png,"[3, 4]",1.592485334312376,1.5924853519921696,1.0000000111020135,1.9050957386359308e-08
train,219,/disk1/zlab/cross_dataset_assets/processed/tum_rgbd/freiburg1_room/images/0273.png,True,/disk1/zlab/cross_dataset_assets/processed/tum_rgbd/freiburg1_room/images/0273.png,"[3, 4]",1.6133277007477433,1.6133277416399614,1.0000000253465047,5.379407919656376e-08
train,220,/disk1/zlab/cross_dataset_assets/processed/tum_rgbd/freiburg1_room/images/0275.png,True,/disk1/zlab/cross_dataset_assets/processed/tum_rgbd/freiburg1_room/images/0275.png,"[3, 4]",1.6637494102177768,1.6637493982372447,0.9999999927990766,3.880429931596861e-08
train,221,/disk1/zlab/cross_dataset_assets/processed/tum_rgbd/freiburg1_room/images/0276.png,True,/disk1/zlab/cross_dataset_assets/processed/tum_rgbd/freiburg1_room/images/0276.png,"[3, 4]",1.6799847767167415,1.6799847197227749,0.9999999660747124,6.165683775531959e-08
train,222,/disk1/zlab/cross_dataset_assets/processed/tum_rgbd/freiburg1_room/images/0277.png,True,/disk1/zlab/cross_dataset_assets/processed/tum_rgbd/freiburg1_room/images/0277.png,"[3, 4]",1.6877361316272161,1.6877360619224238,0.9999999586992355,6.970867199296501e-08
train,223,/disk1/zlab/cross_dataset_assets/processed/tum_rgbd/freiburg1_room/images/0278.png,True,/disk1/zlab/cross_dataset_assets/processed/tum_rgbd/freiburg1_room/images/0278.png,"[3, 4]",1.6981646681049514,1.6981646585323722,0.9999999943629854,2.5456103456644504e-08
train,224,/disk1/zlab/cross_dataset_assets/processed/tum_rgbd/freiburg1_room/images/0280.png,True,/disk1/zlab/cross_dataset_assets/processed/tum_rgbd/freiburg1_room/images/0280.png,"[3, 4]",1.752996853961809,1.7529968329917145,0.9999999880375744,3.569284795329058e-08
train,225,/disk1/zlab/cross_dataset_assets/processed/tum_rgbd/freiburg1_room/images/0281.png,True,/disk1/zlab/cross_dataset_assets/processed/tum_rgbd/freiburg1_room/images/0281.png,"[3, 4]",1.7678159406454055,1.7678159909349398,1.0000000284472683,5.0867787324323705e-08
train,226,/disk1/zlab/cross_dataset_assets/processed/tum_rgbd/freiburg1_room/images/0282.png,True,/disk1/zlab/cross_dataset_assets/processed/tum_rgbd/freiburg1_room/images/0282.png,"[3, 4]",1.7778573986684083,1.7778574646604093,1.0000000371188382,6.789254607283876e-08
train,227,/disk1/zlab/cross_dataset_assets/processed/tum_rgbd/freiburg1_room/images/0283.png,True,/disk1/zlab/cross_dataset_assets/processed/tum_rgbd/freiburg1_room/images/0283.png,"[3, 4]",1.7798899600818023,1.7798900141664804,1.000000030386529,5.410024936474315e-08
train,228,/disk1/zlab/cross_dataset_assets/processed/tum_rgbd/freiburg1_room/images/0285.png,True,/disk1/zlab/cross_dataset_assets/processed/tum_rgbd/freiburg1_room/images/0285.png,"[3, 4]",1.7683437703116438,1.7683437960127335,1.0000000145339893,5.646849301513249e-08
train,229,/disk1/zlab/cross_dataset_assets/processed/tum_rgbd/freiburg1_room/images/0286.png,True,/disk1/zlab/cross_dataset_assets/processed/tum_rgbd/freiburg1_room/images/0286.png,"[3, 4]",1.7691512258707565,1.7691512288951572,1.0000000017095207,3.2375823005372324e-08
train,230,/disk1/zlab/cross_dataset_assets/processed/tum_rgbd/freiburg1_room/images/0287.png,True,/disk1/zlab/cross_dataset_assets/processed/tum_rgbd/freiburg1_room/images/0287.png,"[3, 4]",1.7762700639260913,1.776270128464032,1.0000000363334056,6.545075936896072e-08
train,231,/disk1/zlab/cross_dataset_assets/processed/tum_rgbd/freiburg1_room/images/0288.png,True,/disk1/zlab/cross_dataset_assets/processed/tum_rgbd/freiburg1_room/images/0288.png,"[3, 4]",1.7748478272798487,1.7748478532096237,1.0000000146095764,3.679761960616046e-08
train,232,/disk1/zlab/cross_dataset_assets/processed/tum_rgbd/freiburg1_room/images/0290.png,True,/disk1/zlab/cross_dataset_assets/processed/tum_rgbd/freiburg1_room/images/0290.png,"[3, 4]",1.7565201820645273,1.756520192066713,1.0000000056943188,1.4688210032008993e-08
train,233,/disk1/zlab/cross_dataset_assets/processed/tum_rgbd/freiburg1_room/images/0291.png,True,/disk1/zlab/cross_dataset_assets/processed/tum_rgbd/freiburg1_room/images/0291.png,"[3, 4]",1.7410684104882266,1.7410684069545612,0.9999999979704041,1.900834646863674e-08
train,234,/disk1/zlab/cross_dataset_assets/processed/tum_rgbd/freiburg1_room/images/0292.png,True,/disk1/zlab/cross_dataset_assets/processed/tum_rgbd/freiburg1_room/images/0292.png,"[3, 4]",1.7266010106564864,1.7266010384280093,1.000000016084505,3.177485541664771e-08
train,235,/disk1/zlab/cross_dataset_assets/processed/tum_rgbd/freiburg1_room/images/0293.png,True,/disk1/zlab/cross_dataset_assets/processed/tum_rgbd/freiburg1_room/images/0293.png,"[3, 4]",1.699003961149002,1.6990040095151868,1.0000000284673762,4.90095820813823e-08
train,236,/disk1/zlab/cross_dataset_assets/processed/tum_rgbd/freiburg1_room/images/0295.png,True,/disk1/zlab/cross_dataset_assets/processed/tum_rgbd/freiburg1_room/images/0295.png,"[3, 4]",1.679481574772406,1.6794815499392037,0.9999999852137692,3.1824870726332645e-08
train,237,/disk1/zlab/cross_dataset_assets/processed/tum_rgbd/freiburg1_room/images/0296.png,True,/disk1/zlab/cross_dataset_assets/processed/tum_rgbd/freiburg1_room/images/0296.png,"[3, 4]",1.6800867001437754,1.6800867316167698,1.0000000187329585,3.7768182031691496e-08
train,238,/disk1/zlab/cross_dataset_assets/processed/tum_rgbd/freiburg1_room/images/0297.png,True,/disk1/zlab/cross_dataset_assets/processed/tum_rgbd/freiburg1_room/images/0297.png,"[3, 4]",1.6838451739990823,1.6838451683139217,0.9999999966237035,1.813567866117416e-08
train,239,/disk1/zlab/cross_dataset_assets/processed/tum_rgbd/freiburg1_room/images/0299.png,True,/disk1/zlab/cross_dataset_assets/processed/tum_rgbd/freiburg1_room/images/0299.png,"[3, 4]",1.691781327477047,1.691781316713109,0.9999999936375122,2.0052632510240927e-08
val,0,/disk1/zlab/cross_dataset_assets/processed/tum_rgbd/freiburg1_room/images/0004.png,True,/disk1/zlab/cross_dataset_assets/processed/tum_rgbd/freiburg1_room/images/0004.png,"[3, 4]",1.9515532506185937,1.9515532306376269,0.9999999897615057,2.9737822335286072e-08
val,1,/disk1/zlab/cross_dataset_assets/processed/tum_rgbd/freiburg1_room/images/0009.png,True,/disk1/zlab/cross_dataset_assets/processed/tum_rgbd/freiburg1_room/images/0009.png,"[3, 4]",1.9702287836695513,1.9702288305237885,1.0000000237811149,5.1438420286996887e-08
val,2,/disk1/zlab/cross_dataset_assets/processed/tum_rgbd/freiburg1_room/images/0014.png,True,/disk1/zlab/cross_dataset_assets/processed/tum_rgbd/freiburg1_room/images/0014.png,"[3, 4]",1.9441421913018604,1.9441421871349374,0.9999999978566778,1.8009300492599444e-08
val,3,/disk1/zlab/cross_dataset_assets/processed/tum_rgbd/freiburg1_room/images/0019.png,True,/disk1/zlab/cross_dataset_assets/processed/tum_rgbd/freiburg1_room/images/0019.png,"[3, 4]",1.8767513713862047,1.8767514342177798,1.0000000334789019,6.466172085174689e-08
val,4,/disk1/zlab/cross_dataset_assets/processed/tum_rgbd/freiburg1_room/images/0024.png,True,/disk1/zlab/cross_dataset_assets/processed/tum_rgbd/freiburg1_room/images/0024.png,"[3, 4]",1.751938657601915,1.7519386563479638,0.9999999992842494,1.9931793276468053e-08
val,5,/disk1/zlab/cross_dataset_assets/processed/tum_rgbd/freiburg1_room/images/0029.png,True,/disk1/zlab/cross_dataset_assets/processed/tum_rgbd/freiburg1_room/images/0029.png,"[3, 4]",1.6615159523760221,1.66151598449689,1.0000000193322658,4.893231190208042e-08
val,6,/disk1/zlab/cross_dataset_assets/processed/tum_rgbd/freiburg1_room/images/0034.png,True,/disk1/zlab/cross_dataset_assets/processed/tum_rgbd/freiburg1_room/images/0034.png,"[3, 4]",1.6432932483278813,1.643293293487909,1.0000000274814174,4.54143274467266e-08
val,7,/disk1/zlab/cross_dataset_assets/processed/tum_rgbd/freiburg1_room/images/0039.png,True,/disk1/zlab/cross_dataset_assets/processed/tum_rgbd/freiburg1_room/images/0039.png,"[3, 4]",1.7155712926019715,1.7155712824050324,0.9999999940562428,1.0582873027851865e-08
val,8,/disk1/zlab/cross_dataset_assets/processed/tum_rgbd/freiburg1_room/images/0044.png,True,/disk1/zlab/cross_dataset_assets/processed/tum_rgbd/freiburg1_room/images/0044.png,"[3, 4]",1.776197807114962,1.776197831323686,1.0000000136295202,2.542083244345788e-08
val,9,/disk1/zlab/cross_dataset_assets/processed/tum_rgbd/freiburg1_room/images/0049.png,True,/disk1/zlab/cross_dataset_assets/processed/tum_rgbd/freiburg1_room/images/0049.png,"[3, 4]",1.703788945262881,1.7037889286844288,0.9999999902696562,1.8828004513775328e-08
val,10,/disk1/zlab/cross_dataset_assets/processed/tum_rgbd/freiburg1_room/images/0054.png,True,/disk1/zlab/cross_dataset_assets/processed/tum_rgbd/freiburg1_room/images/0054.png,"[3, 4]",1.7992916189434107,1.7992916159460632,0.9999999983341513,6.990068443413096e-08
val,11,/disk1/zlab/cross_dataset_assets/processed/tum_rgbd/freiburg1_room/images/0059.png,True,/disk1/zlab/cross_dataset_assets/processed/tum_rgbd/freiburg1_room/images/0059.png,"[3, 4]",2.0167160186798734,2.016716041149962,1.00000001114192,2.98137791331497e-08
val,12,/disk1/zlab/cross_dataset_assets/processed/tum_rgbd/freiburg1_room/images/0064.png,True,/disk1/zlab/cross_dataset_assets/processed/tum_rgbd/freiburg1_room/images/0064.png,"[3, 4]",2.020225200318024,2.020225167778113,0.999999983892929,4.419868929011723e-08
val,13,/disk1/zlab/cross_dataset_assets/processed/tum_rgbd/freiburg1_room/images/0069.png,True,/disk1/zlab/cross_dataset_assets/processed/tum_rgbd/freiburg1_room/images/0069.png,"[3, 4]",2.1197736317824125,2.119773670920584,1.000000018463373,5.1560739569551036e-08
val,14,/disk1/zlab/cross_dataset_assets/processed/tum_rgbd/freiburg1_room/images/0074.png,True,/disk1/zlab/cross_dataset_assets/processed/tum_rgbd/freiburg1_room/images/0074.png,"[3, 4]",2.238007616162197,2.2380076645009885,1.000000021599029,6.089970345976729e-08
val,15,/disk1/zlab/cross_dataset_assets/processed/tum_rgbd/freiburg1_room/images/0079.png,True,/disk1/zlab/cross_dataset_assets/processed/tum_rgbd/freiburg1_room/images/0079.png,"[3, 4]",2.2100673247663747,2.2100673946598,1.0000000316250208,7.081203587945967e-08
val,16,/disk1/zlab/cross_dataset_assets/processed/tum_rgbd/freiburg1_room/images/0084.png,True,/disk1/zlab/cross_dataset_assets/processed/tum_rgbd/freiburg1_room/images/0084.png,"[3, 4]",2.2116273578521315,2.2116273740404537,1.000000007319643,2.3526393490006808e-08
val,17,/disk1/zlab/cross_dataset_assets/processed/tum_rgbd/freiburg1_room/images/0089.png,True,/disk1/zlab/cross_dataset_assets/processed/tum_rgbd/freiburg1_room/images/0089.png,"[3, 4]",2.11534177380394,2.1153417776744576,1.0000000018297364,5.487053252423778e-08
val,18,/disk1/zlab/cross_dataset_assets/processed/tum_rgbd/freiburg1_room/images/0094.png,True,/disk1/zlab/cross_dataset_assets/processed/tum_rgbd/freiburg1_room/images/0094.png,"[3, 4]",1.9992070953255443,1.9992070980185477,1.0000000013470358,6.195315954139689e-08
val,19,/disk1/zlab/cross_dataset_assets/processed/tum_rgbd/freiburg1_room/images/0099.png,True,/disk1/zlab/cross_dataset_assets/processed/tum_rgbd/freiburg1_room/images/0099.png,"[3, 4]",1.888605673506251,1.8886056744614113,1.0000000005057488,4.054832805147088e-08
val,20,/disk1/zlab/cross_dataset_assets/processed/tum_rgbd/freiburg1_room/images/0104.png,True,/disk1/zlab/cross_dataset_assets/processed/tum_rgbd/freiburg1_room/images/0104.png,"[3, 4]",1.885142533072765,1.885142593894566,1.0000000322637679,6.478053474475637e-08
val,21,/disk1/zlab/cross_dataset_assets/processed/tum_rgbd/freiburg1_room/images/0109.png,True,/disk1/zlab/cross_dataset_assets/processed/tum_rgbd/freiburg1_room/images/0109.png,"[3, 4]",1.8275836889182395,1.827583700450444,1.000000006310083,2.432598673117167e-08
val,22,/disk1/zlab/cross_dataset_assets/processed/tum_rgbd/freiburg1_room/images/0114.png,True,/disk1/zlab/cross_dataset_assets/processed/tum_rgbd/freiburg1_room/images/0114.png,"[3, 4]",1.8008389378287,1.8008389060785246,0.9999999823692309,4.390145213866483e-08
val,23,/disk1/zlab/cross_dataset_assets/processed/tum_rgbd/freiburg1_room/images/0119.png,True,/disk1/zlab/cross_dataset_assets/processed/tum_rgbd/freiburg1_room/images/0119.png,"[3, 4]",1.9101379766917361,1.9101379495320352,0.9999999857812885,3.092964438473378e-08
val,24,/disk1/zlab/cross_dataset_assets/processed/tum_rgbd/freiburg1_room/images/0124.png,True,/disk1/zlab/cross_dataset_assets/processed/tum_rgbd/freiburg1_room/images/0124.png,"[3, 4]",2.0445260477675506,2.0445260373697365,0.9999999949143157,4.575659408703154e-08
val,25,/disk1/zlab/cross_dataset_assets/processed/tum_rgbd/freiburg1_room/images/0129.png,True,/disk1/zlab/cross_dataset_assets/processed/tum_rgbd/freiburg1_room/images/0129.png,"[3, 4]",2.0176402256101063,2.017640202250572,0.999999988422349,6.272052871704394e-08
val,26,/disk1/zlab/cross_dataset_assets/processed/tum_rgbd/freiburg1_room/images/0134.png,True,/disk1/zlab/cross_dataset_assets/processed/tum_rgbd/freiburg1_room/images/0134.png,"[3, 4]",1.8425154843311358,1.8425154507119743,0.9999999817536613,5.3353028118405555e-08
val,27,/disk1/zlab/cross_dataset_assets/processed/tum_rgbd/freiburg1_room/images/0139.png,True,/disk1/zlab/cross_dataset_assets/processed/tum_rgbd/freiburg1_room/images/0139.png,"[3, 4]",1.7986117813469364,1.7986117997618396,1.000000010238398,2.9360780904397483e-08
val,28,/disk1/zlab/cross_dataset_assets/processed/tum_rgbd/freiburg1_room/images/0144.png,True,/disk1/zlab/cross_dataset_assets/processed/tum_rgbd/freiburg1_room/images/0144.png,"[3, 4]",1.9107252078726549,1.9107251892981278,0.9999999902788078,5.263660232348724e-08
val,29,/disk1/zlab/cross_dataset_assets/processed/tum_rgbd/freiburg1_room/images/0149.png,True,/disk1/zlab/cross_dataset_assets/processed/tum_rgbd/freiburg1_room/images/0149.png,"[3, 4]",2.053943382861368,2.0539433640578557,0.9999999908451653,2.6955769499158355e-08
val,30,/disk1/zlab/cross_dataset_assets/processed/tum_rgbd/freiburg1_room/images/0154.png,True,/disk1/zlab/cross_dataset_assets/processed/tum_rgbd/freiburg1_room/images/0154.png,"[3, 4]",1.914305986513128,1.9143059969459926,1.0000000054499463,3.1703898191987447e-08
val,31,/disk1/zlab/cross_dataset_assets/processed/tum_rgbd/freiburg1_room/images/0159.png,True,/disk1/zlab/cross_dataset_assets/processed/tum_rgbd/freiburg1_room/images/0159.png,"[3, 4]",1.7116862124817154,1.7116861903702223,0.9999999870820405,4.509581382342825e-08
val,32,/disk1/zlab/cross_dataset_assets/processed/tum_rgbd/freiburg1_room/images/0164.png,True,/disk1/zlab/cross_dataset_assets/processed/tum_rgbd/freiburg1_room/images/0164.png,"[3, 4]",1.6985700868671862,1.698570142173577,1.0000000325605585,5.6469323345090866e-08
val,33,/disk1/zlab/cross_dataset_assets/processed/tum_rgbd/freiburg1_room/images/0169.png,True,/disk1/zlab/cross_dataset_assets/processed/tum_rgbd/freiburg1_room/images/0169.png,"[3, 4]",1.7688907484635674,1.7688907671019094,1.0000000105367401,2.1050965749301766e-08
val,34,/disk1/zlab/cross_dataset_assets/processed/tum_rgbd/freiburg1_room/images/0174.png,True,/disk1/zlab/cross_dataset_assets/processed/tum_rgbd/freiburg1_room/images/0174.png,"[3, 4]",1.6929521582135747,1.6929521404174357,0.9999999894881029,1.8369312173072522e-08
val,35,/disk1/zlab/cross_dataset_assets/processed/tum_rgbd/freiburg1_room/images/0179.png,True,/disk1/zlab/cross_dataset_assets/processed/tum_rgbd/freiburg1_room/images/0179.png,"[3, 4]",1.5680816209623782,1.5680816256391414,1.0000000029824743,3.122056476173675e-08
val,36,/disk1/zlab/cross_dataset_assets/processed/tum_rgbd/freiburg1_room/images/0184.png,True,/disk1/zlab/cross_dataset_assets/processed/tum_rgbd/freiburg1_room/images/0184.png,"[3, 4]",1.5488265041637168,1.5488264643982843,0.9999999743254442,4.087515312028207e-08
val,37,/disk1/zlab/cross_dataset_assets/processed/tum_rgbd/freiburg1_room/images/0189.png,True,/disk1/zlab/cross_dataset_assets/processed/tum_rgbd/freiburg1_room/images/0189.png,"[3, 4]",1.6716826522997719,1.671682687988259,1.000000021348841,4.4208642408876714e-08
val,38,/disk1/zlab/cross_dataset_assets/processed/tum_rgbd/freiburg1_room/images/0194.png,True,/disk1/zlab/cross_dataset_assets/processed/tum_rgbd/freiburg1_room/images/0194.png,"[3, 4]",1.6893386013466927,1.6893385743239073,0.999999984003926,3.4420377135068646e-08
val,39,/disk1/zlab/cross_dataset_assets/processed/tum_rgbd/freiburg1_room/images/0199.png,True,/disk1/zlab/cross_dataset_assets/processed/tum_rgbd/freiburg1_room/images/0199.png,"[3, 4]",1.6395688152682093,1.6395687983471485,0.9999999896795666,2.493087801936013e-08
val,40,/disk1/zlab/cross_dataset_assets/processed/tum_rgbd/freiburg1_room/images/0204.png,True,/disk1/zlab/cross_dataset_assets/processed/tum_rgbd/freiburg1_room/images/0204.png,"[3, 4]",1.639995670725993,1.6399956905833772,1.0000000121081931,5.144367055425849e-08
val,41,/disk1/zlab/cross_dataset_assets/processed/tum_rgbd/freiburg1_room/images/0209.png,True,/disk1/zlab/cross_dataset_assets/processed/tum_rgbd/freiburg1_room/images/0209.png,"[3, 4]",1.6976228261896105,1.6976228041385704,0.9999999870106364,2.940983784616648e-08
val,42,/disk1/zlab/cross_dataset_assets/processed/tum_rgbd/freiburg1_room/images/0214.png,True,/disk1/zlab/cross_dataset_assets/processed/tum_rgbd/freiburg1_room/images/0214.png,"[3, 4]",1.7094848405294503,1.7094848067907702,0.999999980263832,3.667519463721672e-08
val,43,/disk1/zlab/cross_dataset_assets/processed/tum_rgbd/freiburg1_room/images/0219.png,True,/disk1/zlab/cross_dataset_assets/processed/tum_rgbd/freiburg1_room/images/0219.png,"[3, 4]",1.8344140508620186,1.8344140553443367,1.0000000024434603,1.4702058048394228e-08
val,44,/disk1/zlab/cross_dataset_assets/processed/tum_rgbd/freiburg1_room/images/0224.png,True,/disk1/zlab/cross_dataset_assets/processed/tum_rgbd/freiburg1_room/images/0224.png,"[3, 4]",1.834749206294964,1.8347491793488644,0.9999999853134698,3.065732903478962e-08
val,45,/disk1/zlab/cross_dataset_assets/processed/tum_rgbd/freiburg1_room/images/0229.png,True,/disk1/zlab/cross_dataset_assets/processed/tum_rgbd/freiburg1_room/images/0229.png,"[3, 4]",1.7878268456424968,1.7878268454533546,0.9999999998942055,2.5952910902913705e-08
val,46,/disk1/zlab/cross_dataset_assets/processed/tum_rgbd/freiburg1_room/images/0234.png,True,/disk1/zlab/cross_dataset_assets/processed/tum_rgbd/freiburg1_room/images/0234.png,"[3, 4]",1.6131851288677317,1.613185147000829,1.0000000112405556,2.5151928372095515e-08
val,47,/disk1/zlab/cross_dataset_assets/processed/tum_rgbd/freiburg1_room/images/0239.png,True,/disk1/zlab/cross_dataset_assets/processed/tum_rgbd/freiburg1_room/images/0239.png,"[3, 4]",1.715039600125898,1.7150395603333564,0.9999999767978875,5.5930137782338416e-08
val,48,/disk1/zlab/cross_dataset_assets/processed/tum_rgbd/freiburg1_room/images/0244.png,True,/disk1/zlab/cross_dataset_assets/processed/tum_rgbd/freiburg1_room/images/0244.png,"[3, 4]",1.6188531372548902,1.618853109639726,0.999999982941526,2.8490451558090713e-08
val,49,/disk1/zlab/cross_dataset_assets/processed/tum_rgbd/freiburg1_room/images/0249.png,True,/disk1/zlab/cross_dataset_assets/processed/tum_rgbd/freiburg1_room/images/0249.png,"[3, 4]",1.4861947988066706,1.486194815769081,1.0000000114133156,2.328298727159496e-08
val,50,/disk1/zlab/cross_dataset_assets/processed/tum_rgbd/freiburg1_room/images/0254.png,True,/disk1/zlab/cross_dataset_assets/processed/tum_rgbd/freiburg1_room/images/0254.png,"[3, 4]",1.3520166788912036,1.3520166356186067,0.9999999679940362,4.375198550227813e-08
val,51,/disk1/zlab/cross_dataset_assets/processed/tum_rgbd/freiburg1_room/images/0259.png,True,/disk1/zlab/cross_dataset_assets/processed/tum_rgbd/freiburg1_room/images/0259.png,"[3, 4]",1.5228821655006666,1.5228822121188068,1.0000000306117842,5.5386765613775703e-08
val,52,/disk1/zlab/cross_dataset_assets/processed/tum_rgbd/freiburg1_room/images/0264.png,True,/disk1/zlab/cross_dataset_assets/processed/tum_rgbd/freiburg1_room/images/0264.png,"[3, 4]",1.5990440456722885,1.5990440349878534,0.9999999933182359,1.334933284751838e-08
val,53,/disk1/zlab/cross_dataset_assets/processed/tum_rgbd/freiburg1_room/images/0269.png,True,/disk1/zlab/cross_dataset_assets/processed/tum_rgbd/freiburg1_room/images/0269.png,"[3, 4]",1.5642500599328741,1.5642500578618295,0.9999999986760143,1.0050410666441738e-08
val,54,/disk1/zlab/cross_dataset_assets/processed/tum_rgbd/freiburg1_room/images/0274.png,True,/disk1/zlab/cross_dataset_assets/processed/tum_rgbd/freiburg1_room/images/0274.png,"[3, 4]",1.6343680491247987,1.6343680192738739,0.9999999817354941,4.809734837867638e-08
val,55,/disk1/zlab/cross_dataset_assets/processed/tum_rgbd/freiburg1_room/images/0279.png,True,/disk1/zlab/cross_dataset_assets/processed/tum_rgbd/freiburg1_room/images/0279.png,"[3, 4]",1.728298958513833,1.7282989324831617,0.9999999849385598,3.4227616467470294e-08
val,56,/disk1/zlab/cross_dataset_assets/processed/tum_rgbd/freiburg1_room/images/0284.png,True,/disk1/zlab/cross_dataset_assets/processed/tum_rgbd/freiburg1_room/images/0284.png,"[3, 4]",1.7745054353255727,1.7745054608944633,1.0000000144090235,3.933113952247053e-08
val,57,/disk1/zlab/cross_dataset_assets/processed/tum_rgbd/freiburg1_room/images/0289.png,True,/disk1/zlab/cross_dataset_assets/processed/tum_rgbd/freiburg1_room/images/0289.png,"[3, 4]",1.768345534673583,1.7683455534874812,1.000000010639266,4.562890615296753e-08
val,58,/disk1/zlab/cross_dataset_assets/processed/tum_rgbd/freiburg1_room/images/0294.png,True,/disk1/zlab/cross_dataset_assets/processed/tum_rgbd/freiburg1_room/images/0294.png,"[3, 4]",1.6851778837855664,1.685177900344288,1.000000009826097,2.3380828879409995e-08
val,59,/disk1/zlab/cross_dataset_assets/processed/tum_rgbd/freiburg1_room/images/0298.png,True,/disk1/zlab/cross_dataset_assets/processed/tum_rgbd/freiburg1_room/images/0298.png,"[3, 4]",1.6872548058903254,1.6872548224839683,1.0000000098346988,1.939484958078173e-08
